Player,Pos,Age,Pick,Season,Position_Pick
Marshall Faulk,RB,21,2,1994,1
Heath Shuler,QB,22,3,1994,1
Trent Dilfer,QB,22,6,1994,2
Charles Johnson,WR,22,17,1994,1
Johnnie Morton,WR,22,21,1994,2
Thomas Lewis,WR,22,24,1994,3
Greg Hill,RB,22,25,1994,2
Derrick Alexander,WR,22,29,1994,4
Darnay Scott,WR,22,30,1994,5
Isaac Bruce,WR,21,33,1994,6
Errict Rhett,RB,23,34,1994,3
Kevin Lee,WR,23,35,1994,7
Chuck Levy,RB,22,38,1994,4
David Palmer,WR,21,40,1994,8
Ryan Yarborough,WR,23,41,1994,9
Charlie Garner,RB,22,42,1994,5
Mario Bates,RB,21,44,1994,6
Bert Emanuel,WR,23,45,1994,10
Donnell Bennett,RB,21,58,1994,7
Lonnie Johnson,TE,23,61,1994,1
Tydus Winans,WR,22,68,1994,11
Harold Bishop,TE,24,69,1994,2
Andre Coleman,WR,21,70,1994,12
Lamar Smith,RB,23,73,1994,8
Calvin Jones,RB,23,80,1994,9
James Bostic,RB,22,83,1994,10
LeShon Johnson,RB,23,84,1994,11
Cory Fleming,WR,23,87,1994,13
Bam Morris,RB,22,91,1994,12
Lake Dawson,WR,22,92,1994,14
Gary Downs,RB,22,95,1994,13
Chris Penn,WR,23,96,1994,15
Malcolm Floyd,WR,21,101,1994,16
Kurt Haws,TE,24,105,1994,3
Bradford Banta,TE,23,106,1994,4
Chris Brantley,WR,23,108,1994,17
Willie Jackson,WR,23,109,1994,18
Perry Klein,QB,23,111,1994,3
Raymont Harris,RB,23,114,1994,14
Doug Nussmeier,QB,23,116,1994,4
Orlando Parker,WR,22,117,1994,19
John Burke,TE,23,121,1994,5
Sean Jackson,RB,,129,1994,15
Aaron Laing,TE,23,137,1994,6
Harrison Houston,WR,,138,1994,20
Terry Mickens,WR,23,146,1994,21
Dorsey Levens,RB,24,149,1994,16
Roderick Lewis,TE,23,157,1994,7
A.J. Ofodile,TE,20,158,1994,8
Tony Vinson,RB,23,160,1994,17
Lamont Warren,RB,21,164,1994,18
Steve Hawkins,WR,23,166,1994,22
Rickey Brady,TE,23,167,1994,9
Jay Kearney,WR,,169,1994,23
Lloyd Hill,WR,,170,1994,24
Robert Strait,RB,,171,1994,19
Terry Samuels,TE,23,172,1994,10
Fred Lester,RB,,173,1994,20
Derrell Mitchell,WR,22,176,1994,25
Jim Miller,QB,23,178,1994,5
Andrew Jordan,TE,22,179,1994,11
Bill Schroeder,WR,23,181,1994,26
Anthony Daigle,RB,24,185,1994,21
Lee Gissendaner,WR,,187,1994,27
Kevin Knox,WR,23,192,1994,28
Gus Frerotte,QB,23,197,1994,6
Jay Walker,QB,22,198,1994,7
Steve Matthews,QB,23,199,1994,8
Jamal Anderson,RB,21,201,1994,22
Carlester Crumpler,TE,23,202,1994,12
Frank Harvey,RB,23,204,1994,23
Mark Montgomery,RB,,206,1994,24
Glenn Foley,QB,23,208,1994,9
Brice Abrams,RB,,209,1994,25
Butler By'not'e,RB,21,212,1994,26
Tracy Greene,TE,21,219,1994,13
John Davis,TE,21,224,1994,14
Ki-Jana Carter,RB,21,1,1995,1
Steve McNair,QB,22,3,1995,1
Michael Westbrook,WR,23,4,1995,1
Kerry Collins,QB,22,5,1995,2
Joey Galloway,WR,23,8,1995,2
Kyle Brady,TE,23,9,1995,1
J.J. Stokes,WR,22,10,1995,3
Tyrone Wheatley,RB,23,17,1995,2
Napoleon Kaufman,RB,22,18,1995,3
James Stewart,RB,23,19,1995,4
Rashaan Salaam,RB,20,21,1995,5
Mark Bruener,TE,22,27,1995,2
Christian Fauria,TE,23,39,1995,3
Ray Zellars,RB,22,44,1995,6
Todd Collins,QB,23,45,1995,3
Sherman Williams,RB,22,46,1995,7
Frank Sanders,WR,22,47,1995,4
Ken Dilger,TE,24,48,1995,4
Terrell Fletcher,RB,21,51,1995,8
Kendell Watkins,TE,22,59,1995,5
Kordell Stewart,QB,22,60,1995,4
Jimmy Oliver,WR,,61,1995,5
Chris Sanders,WR,23,67,1995,6
David Sloan,TE,23,70,1995,6
Curtis Martin,RB,22,74,1995,9
Chris Jones,WR,24,78,1995,7
Stoney Case,QB,23,80,1995,5
Tamarick Vanover,WR,21,81,1995,8
Eric Zeier,QB,23,84,1995,6
Joe Aska,RB,23,86,1995,10
Rodney Thomas,RB,22,89,1995,11
Antonio Freeman,WR,23,90,1995,9
Rob Johnson,QB,22,99,1995,7
Michael Roan,TE,23,101,1995,7
Larry Jones,RB,,103,1995,12
Aaron Hayden,RB,22,104,1995,13
Tyrone Davis,TE,23,107,1995,8
Eric Bjornson,TE,23,110,1995,9
Chad May,QB,,111,1995,8
Justin Armour,WR,22,113,1995,10
Lovell Pinkney,TE,23,115,1995,10
Jack Jackson,WR,22,116,1995,11
Dave Barr,QB,23,119,1995,9
Pete Mitchell,TE,23,122,1995,11
Tony Cline,TE,23,131,1995,12
Steve Stenstrom,QB,23,134,1995,10
Jamie Asher,TE,22,137,1995,13
David Dunn,WR,23,139,1995,12
Roell Preston,WR,23,145,1995,13
Mike Miller,WR,,147,1995,14
Kez McCorvey,WR,23,156,1995,15
James Stewart,RB,23,157,1995,14
Jay Barker,QB,,160,1995,11
'Omar Ellison,WR,23,162,1995,16
Edward Hervey,WR,,166,1995,17
Ryan Christopherson,RB,23,169,1995,15
Travis Jervey,RB,23,170,1995,16
Charlie Simmons,WR,,173,1995,18
Brandon Harrison,WR,,183,1995,19
Lee DeRamus,WR,23,184,1995,20
Kevin Hickman,TE,24,186,1995,14
Jerry Colquitt,QB,,191,1995,12
Dino Philyaw,RB,24,195,1995,17
Terrell Davis,RB,22,196,1995,18
Craig Whelihan,QB,24,197,1995,13
Eddie Goines,WR,,203,1995,21
Charles Way,RB,22,206,1995,19
Kevin Bouie,RB,24,210,1995,20
Billy Williams,WR,24,212,1995,22
John Walsh,QB,,213,1995,14
Curtis Ceaser,WR,23,217,1995,23
Curtis Marsh,WR,24,219,1995,24
Byron Chamberlain,TE,23,222,1995,15
A.C. Tellison,WR,,231,1995,25
Henry Bailey,WR,22,235,1995,26
J.T. Thomas,WR,23,240,1995,27
Darick Holmes,RB,24,244,1995,21
Shannon Myers,WR,,246,1995,28
Keyshawn Johnson,WR,24,1,1996,1
Lawrence Phillips,RB,21,6,1996,1
Terry Glenn,WR,22,7,1996,2
Tim Biakabutuka,RB,22,8,1996,2
Rickey Dudley,TE,24,9,1996,1
Eddie George,RB,22,14,1996,3
Eddie Kennison,WR,23,18,1996,3
Marvin Harrison,WR,24,19,1996,4
Eric Moulds,WR,23,24,1996,5
Alex Van Dyke,WR,22,31,1996,6
Leeland McElroy,RB,22,32,1996,4
Amani Toomer,WR,21,34,1996,7
Mike Alstott,RB,22,35,1996,5
Marco Battaglia,TE,23,39,1996,2
Bryan Still,WR,22,41,1996,8
Tony Banks,QB,23,42,1996,1
Muhsin Muhammad,WR,23,43,1996,9
Bobby Engram,WR,23,52,1996,10
Jason Dunn,TE,22,54,1996,3
Derrick Mayes,WR,22,56,1996,11
Ernie Conwell,TE,24,59,1996,4
Johnny McWilliams,TE,23,64,1996,5
Detron Smith,RB,22,65,1996,6
Winslow Oliver,RB,23,73,1996,7
Moe Williams,RB,22,75,1996,8
Karim Abdul-Jabbar,RB,22,80,1996,9
Brian Roche,TE,23,81,1996,6
Scott Slutzker,TE,23,82,1996,7
Jerald Moore,RB,21,83,1996,10
Bobby Hoying,QB,23,85,1996,2
Terrell Owens,WR,22,89,1996,12
Reggie Brown,RB,23,91,1996,11
Jon Witman,RB,24,92,1996,12
Stepfret Williams,WR,23,94,1996,13
Hunter Goodwin,TE,23,97,1996,8
Jeff Lewis,QB,23,100,1996,3
Stephen Davis,RB,22,102,1996,13
Ricky Whittle,RB,24,103,1996,14
Reggie Barlow,WR,23,110,1996,14
Charlie Jones,WR,23,114,1996,15
Brian Milne,RB,23,115,1996,15
Richard Huntley,RB,23,117,1996,16
Kantroy Barber,RB,22,124,1996,17
Danny Kanell,QB,22,130,1996,4
Jahine Arnold,WR,23,132,1996,16
Jerris McPhail,RB,24,134,1996,18
Joe Horn,WR,24,135,1996,17
Mercury Hayes,WR,23,136,1996,18
Marquette Smith,RB,,142,1996,19
Jermaine Lewis,WR,21,153,1996,19
Patrick Jeffers,WR,23,159,1996,20
Iheanyi Uwaezuoke,WR,23,160,1996,21
Terry Guess,WR,21,165,1996,22
Chris Griffin,TE,,173,1996,9
Derrick Harris,RB,23,175,1996,20
Dietrich Jells,WR,24,176,1996,23
Nilo Silvan,WR,22,180,1996,24
Tim Hall,RB,22,183,1996,21
Chris Doering,WR,23,185,1996,25
James Roe,WR,23,186,1996,26
Scott Greene,RB,24,193,1996,22
Marrio Grier,RB,24,195,1996,23
Leon Neal,RB,23,196,1996,24
Tony Johnson,TE,24,197,1996,10
Stephen Pitts,RB,,198,1996,25
Phillip Riley,WR,23,199,1996,27
Hayward Clay,TE,23,201,1996,11
Spence Fischer,QB,,203,1996,5
Toderick Malone,WR,,204,1996,28
Mike Cawley,QB,,205,1996,6
Jarius Hayes,TE,23,212,1996,12
Lovett Purnell,TE,24,216,1996,13
Donnell Baker,WR,,217,1996,29
Mike Archie,RB,23,218,1996,26
Clarence Jones,WR,,227,1996,30
Gregory Spann,WR,,228,1996,31
Freddie Bradley,RB,26,231,1996,27
L.T. Levine,RB,,235,1996,28
Jon Stark,QB,,238,1996,7
Sean Manuel,TE,22,239,1996,14
Kyle Wachholtz,QB,,240,1996,8
Ryan Wood,RB,,243,1996,29
Jay Riemersma,TE,23,244,1996,15
Henry Lusk,TE,24,246,1996,16
DeAndre Maxwell,WR,,250,1996,32
Brice Hunter,WR,22,251,1996,33
Michael Hicks,RB,23,253,1996,30
Ike Hilliard,WR,21,7,1997,1
Warrick Dunn,RB,22,12,1997,1
Tony Gonzalez,TE,21,13,1997,1
Yatil Green,WR,23,15,1997,2
Reidel Anthony,WR,20,16,1997,3
David LaFleur,TE,23,22,1997,2
Antowain Smith,RB,25,23,1997,2
Jim Druckenmiller,QB,24,26,1997,1
Rae Carruth,WR,23,27,1997,4
Tiki Barber,RB,22,36,1997,3
John Allred,TE,22,38,1997,3
Byron Hanspard,RB,21,41,1997,4
Jake Plummer,QB,22,42,1997,2
Corey Dillon,RB,22,43,1997,5
Freddie Jones,TE,22,45,1997,4
Joey Kent,WR,23,46,1997,5
Kevin Lockett,WR,22,47,1997,6
Will Blackwell,WR,22,53,1997,7
Sedrick Shaw,RB,23,61,1997,6
Troy Davis,RB,21,62,1997,7
Jay Graham,RB,22,64,1997,8
O.J. Santiago,TE,23,70,1997,5
Duce Staley,RB,22,71,1997,9
Greg Clark ,TE,25,77,1997,6
Dedric Ward,WR,22,88,1997,8
Derrick Mason,WR,23,98,1997,9
Danny Wuerffel,QB,23,99,1997,3
Leon Johnson,RB,23,104,1997,10
Darnell Autry,RB,21,105,1997,11
Marcus Robinson,WR,22,108,1997,10
Pat Barnes,QB,22,110,1997,4
Albert Connell,WR,23,115,1997,11
Keith Poole,WR,23,116,1997,12
Chad Levitt,RB,21,123,1997,12
Macey Brooks,WR,22,127,1997,13
Nicky Sualua,RB,22,129,1997,13
Pete Chryplewicz,TE,23,135,1997,7
Patrick Hape,TE,23,137,1997,8
Kenny Bynum,RB,23,138,1997,14
Chad Carpenter,WR,,139,1997,14
Damon Jones,TE,22,147,1997,9
Nate Jacquet,WR,22,150,1997,15
George Jones,RB,23,154,1997,15
Luther Broughton,TE,22,155,1997,10
June Henley,RB,22,163,1997,16
Nick Savoie,TE,23,165,1997,11
Steve Lee,RB,,167,1997,17
Brian Manning,WR,22,170,1997,16
Mike Cherry,QB,23,171,1997,5
Itula Mili,TE,24,174,1997,12
Rod Brown,RB,,175,1997,18
Ed Perry,TE,23,177,1997,13
Antwuan Wyatt,WR,22,190,1997,17
Chuck Clements,QB,23,191,1997,6
Tony Gaiter,WR,23,192,1997,18
Isaac Byrd,WR,22,195,1997,19
Nigea Carter,WR,,197,1997,20
Tony Graziani,QB,23,204,1997,7
Terry Battle,RB,,206,1997,19
Koy Detmer,QB,24,207,1997,8
Chris Miller,WR,,213,1997,21
Mike Adams,WR,23,223,1997,22
Pat Fitzgerald,TE,,226,1997,14
Kris Mangum,TE,24,228,1997,15
Marcus Harris,WR,,232,1997,23
Wally Richardson,QB,23,234,1997,9
Matthew Hatchette,WR,23,235,1997,24
Tony Corbin,QB,,237,1997,10
Ron McAda,QB,,240,1997,11
Peyton Manning,QB,22,1,1998,1
Ryan Leaf,QB,22,2,1998,2
Curtis Enis,RB,22,5,1998,1
Fred Taylor,RB,22,9,1998,2
Kevin Dyson,WR,23,16,1998,1
Robert Edwards,RB,23,18,1998,3
Randy Moss,WR,21,21,1998,2
John Avery,RB,22,29,1998,4
Marcus Nash,WR,22,30,1998,3
Jerome Pathon,WR,22,32,1998,4
Jacquez Green,WR,22,34,1998,5
Robert Holcombe,RB,22,37,1998,5
Cam Cleeland,TE,23,40,1998,1
Patrick Johnson,WR,22,42,1998,6
Stephen Alexander,TE,22,48,1998,2
Germane Crowell,WR,21,50,1998,7
Tony Simmons,WR,23,52,1998,8
Rod Rutledge,TE,23,54,1998,3
Joe Jurevicius,WR,23,55,1998,9
Mikhael Ricks,TE,23,59,1998,4
Charlie Batch,QB,23,60,1998,3
Skip Hicks,RB,23,69,1998,6
Brian Alford,WR,23,70,1998,10
E.G. Green,WR,23,71,1998,11
Jammi German,WR,24,74,1998,12
Ahman Green,RB,21,76,1998,7
Chris Floyd,RB,23,81,1998,8
Larry Shannon,WR,23,82,1998,13
Jonathan Quinn,QB,23,86,1998,4
Rashaan Shehee,RB,23,88,1998,9
Brian Griese,QB,23,91,1998,5
Hines Ward,WR,22,92,1998,14
Alonzo Mayes,TE,23,94,1998,5
Michael Pittman,RB,23,95,1998,10
Az-Zahir Hakim,WR,21,96,1998,15
Roland Williams,TE,23,98,1998,6
Tavian Banks,RB,24,101,1998,11
Donald Hayes,WR,23,106,1998,16
Tim Dwight,WR,23,114,1998,17
Curtis Alexander,RB,,122,1998,12
Carlos King,RB,24,123,1998,13
Terry Hardy,TE,22,125,1998,7
Jeremy Brigham,TE,23,127,1998,8
Raymond Priester,RB,,129,1998,14
Jonathan Linton,RB,23,131,1998,15
Wilmont Perry,RB,23,132,1998,16
Blake Spence,TE,23,146,1998,9
Corey Bradford,WR,22,150,1998,18
Chris Howard,RB,23,153,1998,17
Fred Coleman,WR,23,160,1998,19
Jason Tucker,WR,22,167,1998,20
Bobby Shaw,WR,23,169,1998,21
Patrick Palmer,WR,,170,1998,22
John Dutton,QB,,172,1998,6
Chris Brazzell,WR,22,174,1998,23
Harold Shaw,RB,24,176,1998,18
Todd Pollack,TE,,177,1998,10
Chris Fuamatu-Ma'afala,RB,21,178,1998,19
Matt Hasselbeck,QB,22,187,1998,7
Alvis Whitted,WR,24,192,1998,24
Phil Savoy,WR,,193,1998,25
Lawrence Hart,TE,21,195,1998,11
Ken Oxendine,RB,22,201,1998,20
Marcus Parker,RB,,202,1998,21
Andy McCullough,WR,22,204,1998,26
Ryan Thelwell,WR,25,215,1998,27
Eddie Watson,RB,21,218,1998,22
Damian Vaughn,TE,,222,1998,12
Tarik Smith,RB,,223,1998,23
Ernest Blackwell,RB,,224,1998,24
Jim Turner,WR,,228,1998,28
Moses Moreno,QB,23,232,1998,8
Ron Janes,RB,,233,1998,25
Kio Sanford,WR,,234,1998,29
Rodrick Monroe,TE,22,237,1998,13
Kamil Loud,WR,22,238,1998,30
Cam Quayle,TE,,241,1998,14
Tim Couch,QB,22,1,1999,1
Donovan McNabb,QB,22,2,1999,2
Akili Smith,QB,24,3,1999,3
Edgerrin James,RB,21,4,1999,1
Ricky Williams,RB,22,5,1999,2
Torry Holt,WR,23,6,1999,1
David Boston,WR,21,8,1999,2
Daunte Culpepper,QB,22,11,1999,4
Cade McNown,QB,22,12,1999,5
Troy Edwards,WR,22,13,1999,3
Kevin Johnson,WR,23,32,1999,4
J.J. Johnson,RB,25,39,1999,3
Reggie Kelly,TE,22,42,1999,1
Jim Kleinsasser,TE,22,44,1999,2
Kevin Faulk,RB,23,46,1999,4
Joe Montgomery,RB,23,49,1999,5
Shaun King,QB,22,50,1999,6
Peerless Price,WR,22,53,1999,5
Mike Cloud,RB,24,54,1999,6
Jermaine Fazande,RB,24,60,1999,7
Steve Heiden,TE,22,69,1999,3
D'Wayne Bates,WR,23,71,1999,6
Brock Huard,QB,23,77,1999,7
Marty Booker,WR,23,78,1999,7
Dan Campbell,TE,23,79,1999,4
Karsten Bailey,WR,22,82,1999,8
Shawn Bryson,RB,22,86,1999,8
Travis McGriff,WR,23,93,1999,9
Amos Zereoue,RB,22,95,1999,9
Craig Yeast,WR,22,98,1999,10
Joe Germaine,QB,24,101,1999,8
Dameane Douglas,WR,23,102,1999,11
Sedrick Irvin,RB,21,103,1999,10
Brandon Stokley,WR,23,105,1999,12
Larry Parker,WR,23,108,1999,13
Sean Bennett,RB,23,112,1999,11
Wane McGarity,WR,22,118,1999,14
Bobby Collins,TE,23,122,1999,5
Olandis Gary,RB,24,127,1999,12
Na Brown,WR,22,130,1999,15
Aaron Brooks,QB,23,131,1999,9
Cecil Collins,RB,22,134,1999,13
Jerame Tuman,TE,23,136,1999,6
Darrin Chiaverini,WR,21,148,1999,16
Kevin Daft,QB,,151,1999,10
Charlie Rogers,RB,23,152,1999,14
De'Mond Parker,RB,22,159,1999,15
Eugene Baker,WR,23,164,1999,17
Malcolm Johnson,WR,22,166,1999,18
Tai Streets,WR,22,171,1999,19
Desmond Clark,TE,22,179,1999,7
Darran Hall,WR,,186,1999,20
James Dearth,TE,23,191,1999,8
MarTay Jenkins,WR,24,193,1999,21
Lamarr Glenn,RB,,195,1999,16
Dee Miller,WR,,196,1999,22
Troy Smith,WR,22,201,1999,23
Chad Plummer,WR,23,204,1999,24
Madre Hill,RB,23,207,1999,17
Jed Weaver,TE,23,208,1999,9
Donald Driver,WR,24,213,1999,25
Tim Alexander,WR,,217,1999,26
Billy Miller,TE,22,218,1999,10
Sulecio Sanford,WR,,221,1999,27
Michael Bishop,QB,23,227,1999,11
Mike Lucky,TE,23,229,1999,11
Sheldon Jackson,TE,23,230,1999,12
Autry Denson,RB,22,233,1999,18
Justin Swift,TE,24,238,1999,13
Chris Greisen,QB,23,239,1999,12
Darnell McDonald,WR,23,240,1999,28
Sean Morey,WR,23,241,1999,29
Scott Covington,QB,23,245,1999,13
Rondel Menendez,WR,,247,1999,30
Peter Warrick,WR,23,4,2000,1
Jamal Lewis,RB,21,5,2000,1
Thomas Jones,RB,22,7,2000,2
Plaxico Burress,WR,23,8,2000,2
Travis Taylor,WR,22,10,2000,3
Ron Dayne,RB,22,11,2000,3
Bubba Franks,TE,22,14,2000,1
Chad Pennington,QB,24,18,2000,1
Shaun Alexander,RB,23,19,2000,4
Sylvester Morris,WR,22,21,2000,4
Anthony Becht,TE,23,27,2000,2
R. Jay Soward,WR,22,29,2000,5
Trung Canidate,RB,23,31,2000,5
Dennis Northcutt,WR,22,32,2000,6
Todd Pinkston,WR,23,36,2000,7
Jerry Porter,WR,22,47,2000,8
Travis Prentice,RB,23,63,2000,6
Giovanni Carmazzi,QB,,65,2000,2
Ron Dugans,WR,23,66,2000,9
Erron Kinney,TE,23,68,2000,3
Dez White,WR,21,69,2000,10
Chris Cole,WR,22,70,2000,11
Ron Dixon,WR,24,73,2000,12
Chris Redman,QB,23,75,2000,3
J.R. Redmond,RB,22,76,2000,7
Laveranues Coles,WR,22,78,2000,13
JaJuan Dawson,WR,22,79,2000,14
Darrell Jackson,WR,21,80,2000,15
Reuben Droughns,RB,22,81,2000,8
Dustin Lyman,TE,24,87,2000,4
Doug Chapman,RB,23,88,2000,9
Curtis Keaton,RB,23,97,2000,10
Gari Scott,WR,22,99,2000,16
Danny Farmer,WR,23,103,2000,17
Aaron Shea,TE,23,110,2000,5
Trevor Gaylor,WR,22,111,2000,18
Anthony Lucas,WR,,114,2000,19
Frank Moreau,RB,23,115,2000,11
Avion Black,WR,23,121,2000,20
Paul Smith,RB,22,132,2000,12
Dave Stachelski,TE,23,141,2000,6
Windrell Hayes,WR,23,143,2000,21
Michael Wiley,RB,22,144,2000,13
Joey Jamison,WR,,151,2000,22
Dante Hall,WR,21,153,2000,23
Muneer Moore,WR,,154,2000,24
Sammy Morris,RB,23,156,2000,14
James Whalen,TE,22,157,2000,7
Austin Wheatley,TE,22,158,2000,8
Tee Martin,QB,22,163,2000,4
Jay Tant,TE,22,164,2000,9
Troy Walters,WR,23,165,2000,25
Chad Morton,RB,23,166,2000,15
Marc Bulger,QB,23,168,2000,5
Frank Murphy,WR,23,170,2000,26
Thomas Hamner,RB,,171,2000,16
Mareno Philyaw,WR,22,172,2000,27
James Williams,WR,22,175,2000,28
Spergon Wynn,QB,22,183,2000,6
Mike Anderson,RB,26,189,2000,17
Emanuel Smith,WR,24,196,2000,29
Tom Brady,QB,23,199,2000,7
Sherrod Gideon,WR,,200,2000,30
Todd Husak,QB,22,202,2000,8
Jason Gavadza,TE,,204,2000,10
JaJuan Seider,QB,,205,2000,9
Desmond Kitchings,WR,,208,2000,31
Brad St. Louis,TE,24,210,2000,11
Tim Rattay,QB,23,212,2000,10
Mike Green,RB,24,213,2000,18
Jarious Jackson,QB,23,214,2000,11
Mondriel Fulcher,TE,23,227,2000,12
Brian Jennings,TE,23,230,2000,13
Drew Haddad,WR,22,233,2000,32
Joe Hamilton,QB,23,234,2000,12
Charles Lee,WR,22,242,2000,33
Shyrone Stith,RB,22,243,2000,19
Giles Cole,TE,,244,2000,14
Leroy Fields,WR,,246,2000,34
Ethan Howell,WR,,250,2000,35
Rondell Mealey,RB,23,252,2000,20
Michael Vick,QB,21,1,2001,1
LaDainian Tomlinson,RB,22,5,2001,1
David Terrell,WR,22,8,2001,1
Koren Robinson,WR,21,9,2001,2
Rod Gardner,WR,23,15,2001,3
Santana Moss,WR,22,16,2001,4
Deuce McAllister,RB,22,23,2001,2
Freddie Mitchell,WR,22,25,2001,5
Michael Bennett,RB,23,27,2001,3
Reggie Wayne,WR,22,30,2001,6
Todd Heap,TE,21,31,2001,1
Drew Brees,QB,22,32,2001,2
Quincy Morgan,WR,23,33,2001,7
Alge Crumpler,TE,23,35,2001,2
Chad Johnson,WR,23,36,2001,8
Anthony Thomas,RB,23,38,2001,4
Robert Ferguson,WR,21,41,2001,9
LaMont Jordan,RB,22,49,2001,5
Chris Chambers,WR,23,52,2001,10
Quincy Carter,QB,23,53,2001,3
Travis Henry,RB,22,58,2001,6
Marques Tuiasosopo,QB,22,59,2001,4
James Jackson,RB,25,65,2001,7
Sean Brewer,TE,23,66,2001,3
Steve Smith Sr.,WR,22,74,2001,11
Snoop Minnis,WR,24,77,2001,12
Kevan Barlow,RB,22,80,2001,8
Travis Minor,RB,22,85,2001,9
Shad Meier,TE,23,90,2001,4
Rudi Johnson,RB,21,100,2001,10
Chris Weinke,QB,29,106,2001,5
George Layne,RB,22,108,2001,11
Sage Rosenfels,QB,23,109,2001,6
Milton Wynn,WR,22,116,2001,13
Jabari Holloway,TE,22,119,2001,5
Correll Buckhalter,RB,22,121,2001,12
Justin McCareins,WR,22,124,2001,14
Jesse Palmer,QB,22,125,2001,7
Brandon Manumaleuna,TE,21,129,2001,6
Cedric James,WR,22,131,2001,15
Vinny Sutherland,WR,23,136,2001,16
Alex Bannister,WR,22,140,2001,17
Bill Baber,TE,22,141,2001,7
Tony Stewart,TE,22,147,2001,8
Scotty Anderson,WR,21,148,2001,18
Mike McMahon,QB,22,149,2001,8
Derrick Blaylock,RB,22,150,2001,13
Onomo Ojo,WR,,153,2001,19
Darnerien McCants,WR,24,154,2001,20
A.J. Feeley,QB,24,155,2001,9
Eddie Berlin,WR,23,159,2001,21
Chris Barnes,RB,,161,2001,14
Jonathan Carter,WR,22,162,2001,22
Bobby Newcombe,WR,,166,2001,23
Cedrick Wilson,WR,22,169,2001,24
Josh Booty,QB,,172,2001,10
Dee Brown,RB,23,175,2001,15
Josh Heupel,QB,,177,2001,11
Arther Love,TE,,180,2001,9
Kevin Kasper,WR,23,190,2001,25
Dan Alexander,RB,23,192,2001,16
Dan O'Leary,TE,24,195,2001,10
Francis St. Paul,WR,,197,2001,26
David Martin,TE,22,198,2001,11
T.J. Houshmandzadeh,WR,23,204,2001,27
Dauntae' Finger,TE,,205,2001,12
John Capel,WR,,208,2001,28
Reggie Germany,WR,23,214,2001,29
Chris Taylor,WR,22,218,2001,30
Eric Johnson,TE,21,224,2001,13
Mike Roberg,TE,23,227,2001,14
Ken-Yon Rambo,WR,22,229,2001,31
Richmond Flowers III,WR,,235,2001,32
Quentin McCord,WR,23,236,2001,33
Andre King,WR,27,245,2001,34
Tevita Ofahengaue,TE,,246,2001,15
David Carr,QB,23,1,2002,1
Joey Harrington,QB,23,3,2002,2
Donte' Stallworth,WR,21,13,2002,1
Jeremy Shockey,TE,22,14,2002,1
William Green,RB,22,16,2002,1
T.J. Duckett,RB,21,18,2002,2
Ashley Lelie,WR,22,19,2002,2
Javon Walker,WR,23,20,2002,3
Daniel Graham,TE,23,21,2002,2
Jerramy Stevens,TE,22,28,2002,3
Patrick Ramsey,QB,23,32,2002,3
Jabar Gaffney,WR,21,33,2002,4
DeShaun Foster,RB,22,34,2002,3
Josh Reed,WR,22,36,2002,5
Tim Carter,WR,22,46,2002,6
Andre' Davis,WR,23,47,2002,7
Reche Caldwell,WR,23,48,2002,8
Clinton Portis,RB,21,51,2002,4
Maurice Morris,RB,22,54,2002,5
Doug Jolley,TE,23,55,2002,4
Ladell Betts,RB,23,56,2002,6
Antwaan Randle El,WR,23,62,2002,9
Antonio Bryant,WR,21,63,2002,10
Deion Branch,WR,23,65,2002,11
Matt Schobel,TE,23,67,2002,5
Josh McCown,QB,23,81,2002,4
Lamar Gordon,RB,22,84,2002,7
Marquis Walker,WR,,86,2002,12
Cliff Russell,WR,23,87,2002,13
Chris Baker,TE,22,88,2002,6
Brian Westbrook,RB,23,91,2002,8
Eric Crouch,WR,,95,2002,14
Jonathan Wells,RB,23,99,2002,9
Justin Peelle,TE,23,103,2002,7
David Garrard,QB,24,108,2002,5
Randy McMichael,TE,23,114,2002,8
Rohan Davey,QB,24,117,2002,6
Chris Luzar,TE,23,118,2002,9
Travis Stephens,RB,24,119,2002,10
Darnell Sanders,TE,23,122,2002,10
Ron Johnson,WR,22,123,2002,15
Najeh Davenport,RB,23,135,2002,11
Randy Fasani,QB,23,137,2002,7
John Owens,TE,22,138,2002,11
Terry Charles,WR,,142,2002,16
Herb Haygood,WR,24,144,2002,17
Kyle Johnson,RB,23,145,2002,12
Jason McAddley,WR,23,149,2002,18
Jake Schifino,WR,22,151,2002,19
Terry Jones,TE,22,155,2002,12
Kurt Kittner,QB,22,158,2002,8
Robert Royal,TE,23,160,2002,13
Freddie Milons,WR,,162,2002,20
Brandon Doman,QB,,163,2002,9
Craig Nall,QB,23,164,2002,10
Verron Haynes,RB,23,166,2002,13
Ryan Hannam,TE,22,169,2002,14
Sam Simmons,WR,22,170,2002,21
Keith Heinrich,TE,23,174,2002,15
Kahlil Hill,WR,23,184,2002,22
Josh Scobey,RB,22,185,2002,14
J.T. O'Sullivan,QB,23,186,2002,11
Jeb Putzier,TE,23,191,2002,16
John Gilmore,TE,22,196,2002,17
Larry Ned,RB,24,197,2002,15
Adrian Peterson,RB,23,199,2002,16
Mark Anelli,TE,23,201,2002,18
Lee Mays,WR,23,202,2002,23
Jamin Elliott,WR,22,203,2002,24
Brian Allen,RB,22,204,2002,17
Steve Bellisari,QB,,205,2002,12
Javin Hunter,WR,22,206,2002,25
Chester Taylor,RB,22,207,2002,18
DeVeren Johnson,WR,,208,2002,26
Bryan Fletcher,TE,23,210,2002,19
Bob Slowikowski,TE,,211,2002,20
Luke Staley,RB,,214,2002,19
Seth Burford,QB,,216,2002,13
Michael Coleman,WR,,217,2002,27
Kendall Newson,WR,22,222,2002,28
Mike Banks,TE,22,223,2002,21
Darrell Hill,WR,23,225,2002,29
Daryl Jones,WR,23,226,2002,30
Jeff Kelly,QB,23,232,2002,14
Ronald Curry,WR,23,235,2002,31
Wes Pate,QB,,236,2002,15
Antwoine Womack,RB,,237,2002,20
Leonard Henry,RB,24,241,2002,21
Chris Massey,RB,23,243,2002,22
Rodney Wright,WR,,249,2002,32
Tracey Wistrom,TE,,250,2002,22
Jarrett Ferguson,RB,,251,2002,23
Matt Murphy,TE,22,252,2002,23
David Givens,WR,22,253,2002,33
Aaron Lockett,WR,,254,2002,34
Carson Palmer,QB,23,1,2003,1
Charles Rogers,WR,22,2,2003,1
Andre Johnson,WR,22,3,2003,2
Byron Leftwich,QB,23,7,2003,2
Bryant Johnson,WR,22,17,2003,3
Kyle Boller,QB,22,19,2003,3
Rex Grossman,QB,23,22,2003,4
Willis McGahee,RB,21,23,2003,1
Dallas Clark,TE,24,24,2003,1
Larry Johnson,RB,23,27,2003,2
Bennie Joppru,TE,23,41,2003,2
Taylor Jacobs,WR,22,44,2003,4
Bethel Johnson,WR,24,45,2003,5
Anquan Boldin,WR,22,54,2003,6
Tyrone Calico,WR,22,60,2003,7
L.J. Smith,TE,23,61,2003,3
Teyo Johnson,TE,21,63,2003,4
Kelley Washington,WR,24,65,2003,8
Jason Witten,TE,21,69,2003,5
Nate Burleson,WR,22,71,2003,9
Kevin Curtis,WR,25,74,2003,10
Mike Seidman,TE,22,76,2003,6
Musa Smith,RB,21,77,2003,3
Dave Ragone ,QB,23,88,2003,5
Visanthe Shiancoe,TE,23,91,2003,7
Chris Brown,RB,22,93,2003,4
Billy McMullen,WR,23,95,2003,11
Chris Simms,QB,23,97,2003,6
Artose Pinner,RB,25,99,2003,5
Domanick Williams,RB,22,101,2003,6
George Wrighster,TE,22,104,2003,8
Onterrio Smith,RB,22,105,2003,7
Shaun McDonald,WR,22,106,2003,12
Quentin Griffin,RB,22,108,2003,8
Seneca Wallace,QB,23,110,2003,7
Lee Suggs,RB,23,115,2003,9
Brandon Lloyd,WR,22,124,2003,13
Sam Aiken,WR,22,127,2003,14
LaBrandon Toefield,RB,22,132,2003,10
Bobby Wade,WR,22,139,2003,15
Justin Gage,WR,22,143,2003,16
Donald Lee,TE,23,156,2003,9
Adrian Madise,WR,23,158,2003,17
Jon Olinger,WR,,159,2003,18
Aaron Walker,TE,23,161,2003,10
Brian St. Pierre,QB,23,163,2003,8
Doug Gabriel,WR,23,167,2003,19
J.R. Tolver,WR,,169,2003,20
David Kircus,WR,23,175,2003,21
Zuriel Smith,WR,23,186,2003,22
Drew Henson,QB,23,192,2003,9
LaTarence Dunbar,WR,23,196,2003,23
Arnaz Battle,WR,23,197,2003,24
Willie Ponder,WR,23,199,2003,25
Brooks Bollinger,QB,23,200,2003,10
Kliff Kingsbury,QB,24,201,2003,11
Kareem Kelly,WR,,203,2003,26
Brock Forsey,RB,23,206,2003,11
David Tyree,WR,23,211,2003,27
Keenan Howry,WR,22,221,2003,28
Trent Smith,TE,23,223,2003,11
Taco Wallace,WR,22,224,2003,29
Walter Young,WR,23,226,2003,30
Talman Gardner,WR,23,231,2003,31
Gibran Hamdan,QB,22,232,2003,12
Ahmaad Galloway,RB,,235,2003,12
Brandon Drumm,RB,,236,2003,13
Ken Dorsey,QB,22,241,2003,13
J.T. Wall,RB,,242,2003,14
Casey Moore,RB,,247,2003,15
DeAndrew Rubin,WR,,253,2003,32
Richard Angulo,TE,23,254,2003,12
Kevin Walter,WR,22,255,2003,33
Carl Ford,WR,22,256,2003,34
Travis Anglin,WR,,260,2003,35
Ryan Hoag,WR,,262,2003,36
Tony Hollings,RB,21,263,2003,16
Eli Manning,QB,23,1,2004,1
Larry Fitzgerald,WR,21,3,2004,1
Philip Rivers,QB,22,4,2004,2
Kellen Winslow,TE,21,6,2004,1
Roy Williams,WR,22,7,2004,2
Reggie Williams,WR,21,9,2004,3
Ben Roethlisberger,QB,22,11,2004,3
Lee Evans,WR,23,13,2004,4
Michael Clayton,WR,21,15,2004,5
J.P. Losman,QB,23,22,2004,4
Steven Jackson,RB,21,24,2004,1
Chris Perry,RB,22,26,2004,2
Michael Jenkins,WR,22,29,2004,6
Kevin Jones,RB,22,30,2004,3
Rashaun Woods,WR,23,31,2004,7
Ben Watson,TE,23,32,2004,2
Ben Troupe,TE,22,40,2004,3
Tatum Bell,RB,23,41,2004,4
Julius Jones,RB,23,43,2004,5
Devery Henderson,WR,22,50,2004,8
Darius Watts,WR,22,54,2004,9
Greg Jones,RB,23,55,2004,6
Kris Wilson,TE,23,61,2004,4
Keary Colbert,WR,22,62,2004,10
Ben Hartsock,TE,24,68,2004,5
Derrick Hamilton,WR,22,77,2004,11
Bernard Berrian,WR,23,78,2004,12
Chris Cooley,TE,22,81,2004,6
Devard Darling,WR,22,82,2004,13
Matt Schaub,QB,23,90,2004,5
Carlos Francis,WR,23,99,2004,14
Samie Parker,WR,23,105,2004,15
Luke McCown,QB,23,106,2004,6
Jerricho Cotchery,WR,22,108,2004,16
Tim Euhus,TE,23,109,2004,7
Mewelde Moore,RB,22,119,2004,7
Ernest Wilford,WR,25,120,2004,17
Cedric Cobbs,RB,23,128,2004,8
Johnnie Morant,WR,22,134,2004,18
Sean Ryan,TE,24,144,2004,8
Craig Krenzel,QB,23,148,2004,7
Maurice Mann,WR,21,149,2004,19
Mark Wilson,TE,23,151,2004,9
Michael Turner,RB,22,154,2004,9
D.J. Hackett,WR,23,157,2004,20
Drew Carter,WR,23,163,2004,21
P.K. Sam,WR,20,164,2004,22
Jamaar Taylor,WR,23,168,2004,23
Ryan Krause,TE,23,169,2004,10
Triandos Luke,WR,22,171,2004,24
Nate Lawrie,TE,22,181,2004,11
Andy Hall,QB,23,185,2004,8
Josh Harris,QB,,187,2004,9
Troy Fleming,RB,23,191,2004,10
Jim Sorgi,QB,23,193,2004,10
Matt Kranchick,TE,24,194,2004,12
Jeris McIntyre,WR,,195,2004,25
Clarence Moore,WR,21,199,2004,26
Jeff Smoker,QB,,201,2004,11
John Navarre,QB,23,202,2004,12
Mark Jones,WR,23,206,2004,27
Adimchinobe Echemandu,RB,23,208,2004,11
Sloan Thomas,WR,22,211,2004,28
Jonathan Smith,WR,22,214,2004,29
Patrick Crayton,WR,25,216,2004,30
Cody Pickett,QB,24,217,2004,13
Casey Bramlet,QB,,218,2004,14
Quincy Wilson,RB,23,219,2004,12
Jeff Dugan,TE,23,220,2004,13
Matt Mauck,QB,25,225,2004,15
Casey Cramer,RB,22,228,2004,13
Michael Gaines,TE,24,232,2004,14
Derrick Ward,RB,24,235,2004,14
Erik Jensen,TE,,237,2004,15
Bruce Perry,RB,23,242,2004,15
Derek Abney,WR,,244,2004,31
Courtney Anderson,TE,23,245,2004,16
Brandon Miree,RB,23,247,2004,16
B.J. Symons,QB,,248,2004,16
Bradlee Van Pelt,QB,24,250,2004,17
Alex Smith,QB,21,1,2005,1
Ronnie Brown,RB,23,2,2005,1
Braylon Edwards,WR,22,3,2005,1
Cedric Benson,RB,22,4,2005,2
Cadillac Williams,RB,23,5,2005,3
Troy Williamson,WR,22,7,2005,2
Mike Williams,WR,21,10,2005,3
Matt Jones,WR,22,21,2005,4
Mark Clayton,WR,23,22,2005,5
Aaron Rodgers,QB,21,24,2005,2
Jason Campbell,QB,23,25,2005,3
Roddy White,WR,23,27,2005,6
Heath Miller,TE,22,30,2005,1
Reggie Brown,WR,24,35,2005,7
Mark Bradley,WR,23,39,2005,8
J.J. Arrington,RB,22,44,2005,4
Eric Shelton,RB,22,54,2005,5
Roscoe Parrish,WR,23,55,2005,9
Terrence Murphy,WR,22,58,2005,10
Vincent Jackson,WR,22,61,2005,11
Frank Gore,RB,22,65,2005,6
Charlie Frye,QB,24,67,2005,4
Courtney Roby,WR,22,68,2005,12
Andrew Walter,QB,23,69,2005,5
Alex Smith,TE,23,71,2005,2
Vernand Morency,RB,25,73,2005,7
Ryan Moats,RB,22,77,2005,8
Chris Henry,WR,22,83,2005,13
David Greene,QB,,85,2005,6
Kevin Everett,TE,23,86,2005,3
Brandon Jones,WR,23,96,2005,14
Maurice Clarett,RB,,101,2005,9
Kyle Orton,QB,22,106,2005,7
Marion Barber III,RB,22,109,2005,10
Brandon Jacobs,RB,23,110,2005,11
Ciatrick Fason,RB,22,112,2005,12
Jerome Mathis,WR,22,114,2005,15
Craphonso Thorpe,WR,22,116,2005,16
Chase Lyman,WR,,118,2005,17
Manuel White,RB,,120,2005,13
Stefan Lefors,QB,,121,2005,8
Alvin Pearman,RB,23,127,2005,14
Darren Sproles,RB,22,130,2005,15
Fred Gibson,WR,,131,2005,18
Roydell Williams,WR,24,136,2005,19
Airese Currie,WR,22,140,2005,20
Damien Nash,RB,23,142,2005,16
Jerome Collins,TE,23,144,2005,4
Dan Orlovsky,QB,22,145,2005,9
Adrian McPherson,QB,,152,2005,10
Larry Brackins,WR,,155,2005,21
Rasheed Marshall,WR,24,174,2005,22
Bo Scaife,TE,24,179,2005,5
Cedric Houston,RB,23,182,2005,17
Chad Owens,WR,23,185,2005,23
Tab Perry,WR,23,190,2005,24
Dante Ridgeway,WR,21,192,2005,25
Craig Bragg,WR,,195,2005,26
Tony Jackson,TE,,196,2005,6
Joel Dreessen,TE,23,198,2005,7
DeAndra Cobb,RB,24,201,2005,18
Derek Anderson,QB,22,213,2005,11
Rick Razzano,RB,,221,2005,19
Marcus Maxwell,WR,22,223,2005,27
Paris Warren,WR,23,225,2005,28
LeRon McCoy,WR,23,226,2005,29
James Kilian,QB,,229,2005,12
Matt Cassel,QB,23,230,2005,13
Lionel Gates,RB,23,236,2005,20
Harry Williams,WR,23,240,2005,30
Anthony Davis,RB,,243,2005,21
Noah Herron,RB,23,244,2005,22
Patrick Estes,TE,22,248,2005,8
Billy Bajema,TE,22,249,2005,9
Ryan Fitzpatrick,QB,22,250,2005,14
J.R. Russell,WR,,253,2005,31
Andy Stokes,TE,,255,2005,10
Reggie Bush,RB,21,2,2006,1
Vince Young,QB,23,3,2006,1
Vernon Davis,TE,22,6,2006,1
Matt Leinart,QB,23,10,2006,2
Jay Cutler,QB,23,11,2006,3
Laurence Maroney,RB,21,21,2006,2
Santonio Holmes,WR,22,25,2006,1
DeAngelo Williams,RB,23,27,2006,3
Marcedes Lewis,TE,22,28,2006,2
Joseph Addai,RB,23,30,2006,4
Chad Jackson,WR,21,36,2006,2
Sinorice Moss,WR,22,44,2006,3
LenDale White,RB,21,45,2006,5
Joe Klopfenstein,TE,22,46,2006,3
Kellen Clemens,QB,23,49,2006,4
Greg Jennings,WR,22,52,2006,4
Anthony Fasano,TE,22,53,2006,4
Maurice Jones-Drew,RB,21,60,2006,6
Tony Scheffler,TE,23,61,2006,5
Tarvaris Jackson,QB,23,64,2006,5
Leonard Pope,TE,22,72,2006,6
Brian Calhoun,RB,22,74,2006,7
Travis Wilson,WR,22,78,2006,5
Jerious Norwood,RB,23,79,2006,8
Charlie Whitehurst,QB,24,81,2006,6
Derek Hagan,WR,21,82,2006,6
Brandon Williams,WR,22,84,2006,7
Brodie Croyle,QB,23,85,2006,7
David Thomas,TE,23,86,2006,7
Maurice Stovall,WR,21,90,2006,8
Dominique Byrd,TE,22,93,2006,8
Willie Reid,WR,23,95,2006,9
Owen Daniels,TE,23,98,2006,9
Michael Robinson,WR,23,100,2006,10
Brad Smith,QB,22,103,2006,8
Cory Rodgers,WR,,104,2006,11
Jason Avant,WR,23,109,2006,12
Demetrius Williams,WR,23,111,2006,13
Leon Washington,RB,24,117,2006,9
Brandon Marshall,WR,22,119,2006,14
Skyler Green,WR,21,125,2006,15
Domenik Hixon,WR,21,130,2006,16
P.J. Daniels,RB,23,132,2006,10
Marques Hagans,WR,23,144,2006,17
Jerome Harrison,RB,23,145,2006,11
Ingle Martin,QB,24,148,2006,9
Jason Pociask,TE,23,150,2006,10
Jeff King,TE,23,155,2006,11
David Kirtman,RB,23,163,2006,12
Omar Jacobs,QB,,164,2006,10
Quinn Sypniewski,TE,24,166,2006,12
Charles Davis,TE,,167,2006,13
Wali Lundy,RB,22,170,2006,13
Mike Hass,WR,23,171,2006,18
Jonathan Orr,WR,,172,2006,19
Delanie Walker,WR,22,175,2006,20
Adam Jennings,WR,23,184,2006,21
Jeff Webb,WR,24,190,2006,22
Reggie McNeal,QB,22,193,2006,11
Bruce Gradkowski,QB,23,194,2006,12
J.D. Runnels,RB,22,195,2006,14
T.J. Williams,TE,,202,2006,14
Ethan Kilmer,WR,23,209,2006,23
Todd Watkins,WR,23,218,2006,24
Justin Hamilton,RB,23,222,2006,15
D.J. Shockley,QB,,223,2006,13
Bennie Brazell,WR,,231,2006,25
Devin Aromashodu,WR,22,233,2006,26
Cedric Humes,RB,,240,2006,16
Tim Massaquoi,TE,24,244,2006,15
Quinton Ganther,RB,22,246,2006,17
Ben Obomanu,WR,22,249,2006,27
David Anderson,WR,23,251,2006,28
Marques Colston,WR,23,252,2006,29
Kevin McMahan,WR,,255,2006,30
JaMarcus Russell,QB,22,1,2007,1
Calvin Johnson,WR,21,2,2007,1
Adrian Peterson,RB,22,7,2007,1
Ted Ginn Jr.,WR,22,9,2007,2
Marshawn Lynch,RB,21,12,2007,2
Brady Quinn,QB,22,22,2007,2
Dwayne Bowe,WR,22,23,2007,3
Robert Meachem,WR,22,27,2007,4
Craig Davis,WR,21,30,2007,5
Greg Olsen,TE,22,31,2007,1
Anthony Gonzalez,WR,22,32,2007,6
Kevin Kolb,QB,23,36,2007,3
Zach Miller,TE,21,38,2007,2
John Beck,QB,26,40,2007,4
Drew Stanton,QB,23,43,2007,5
Sidney Rice,WR,21,44,2007,7
Dwayne Jarrett,WR,20,45,2007,8
Kenny Irons,RB,,49,2007,3
Chris Henry,RB,22,50,2007,4
Steve Smith,WR,22,51,2007,9
Brian Leonard,RB,23,52,2007,5
Brandon Jackson,RB,21,63,2007,6
Lorenzo Booker,RB,23,71,2007,7
Jacoby Jones,WR,23,73,2007,10
Yamon Figurs,WR,24,74,2007,11
Laurent Robinson,WR,22,75,2007,12
Jason Hill,WR,22,76,2007,13
Matt Spaeth,TE,23,77,2007,3
James Jones,WR,23,78,2007,14
Mike Sims-Walker,WR,22,79,2007,15
Paul Williams,WR,23,80,2007,16
Tony Hunt,RB,21,90,2007,8
Trent Edwards,QB,23,92,2007,6
Garrett Wolfe,RB,23,93,2007,9
Johnnie Lee Higgins,WR,23,99,2007,17
Michael Bush,RB,23,100,2007,10
Isaiah Stanback,QB,23,103,2007,7
Antonio Pittman,RB,21,107,2007,11
Dwayne Wright,RB,24,111,2007,12
Ryne Robinson,WR,22,118,2007,18
Chris Davis,WR,23,128,2007,19
Scott Chandler,TE,22,129,2007,4
Martrez Milner,TE,23,133,2007,5
Le'Ron McClain,RB,22,137,2007,13
Steve Breaston,WR,24,142,2007,20
Aundrae Allison,WR,21,146,2007,21
Kolby Smith,RB,22,148,2007,14
Jeff Rowe,QB,23,151,2007,8
Kevin Boss,TE,23,153,2007,6
Dante Rosario,TE,22,155,2007,7
David Clowney,WR,22,157,2007,22
Brent Celek,TE,22,162,2007,8
Roy Hall,WR,23,169,2007,23
Legedu Naanee,WR,23,172,2007,24
Troy Smith,QB,23,174,2007,9
Reagan Maui'a,RB,23,181,2007,15
Thomas Clayton,RB,,186,2007,16
Joel Filani,WR,,188,2007,25
Courtney Taylor,WR,23,197,2007,26
Jordan Palmer,QB,23,205,2007,10
Justise Hairston,RB,,208,2007,17
Jordan Kent,WR,23,210,2007,27
Ben Patrick,TE,23,215,2007,9
Tyler Ecker,TE,,216,2007,10
Tyler Thigpen,QB,23,217,2007,11
Derek Schouman,TE,22,222,2007,11
Dallas Baker,WR,24,227,2007,28
DeShawn Wynn,RB,23,228,2007,18
John Broussard,WR,23,229,2007,29
Michael Allan,TE,,231,2007,12
Chandler Williams,WR,,233,2007,30
Syndric Steptoe,WR,22,234,2007,31
Chansi Stuckey,WR,23,235,2007,32
Nate Ilaoa,RB,,236,2007,19
Clark Harris,TE,23,243,2007,13
Jason Snelling,RB,23,244,2007,20
Kenneth Darby,RB,24,246,2007,21
Derek Stanley,WR,22,249,2007,33
Ahmad Bradshaw,RB,21,250,2007,22
Jonathan Holland,WR,22,254,2007,34
Matt Ryan,QB,23,3,2008,1
Darren McFadden,RB,21,4,2008,1
Jonathan Stewart,RB,21,13,2008,2
Joe Flacco,QB,23,18,2008,2
Felix Jones,RB,21,22,2008,3
Rashard Mendenhall,RB,21,23,2008,4
Chris Johnson,RB,22,24,2008,5
Dustin Keller,TE,23,30,2008,1
Donnie Avery,WR,24,33,2008,1
Devin Thomas,WR,21,34,2008,2
Jordy Nelson,WR,23,36,2008,3
John Carlson,TE,24,38,2008,2
James Hardy,WR,22,41,2008,4
Eddie Royal,WR,22,42,2008,5
Matt Forte,RB,22,44,2008,6
Jerome Simpson,WR,22,46,2008,6
Fred Davis,TE,22,48,2008,3
DeSean Jackson,WR,21,49,2008,7
Malcolm Kelly,WR,21,51,2008,8
Limas Sweed,WR,23,53,2008,9
Ray Rice,RB,21,55,2008,7
Brian Brohm,QB,22,56,2008,3
Chad Henne,QB,23,57,2008,4
Dexter Jackson,WR,22,58,2008,10
Martellus Bennett,TE,21,61,2008,4
Kevin Smith,RB,21,64,2008,8
Earl Bennett,WR,21,70,2008,11
Jamaal Charles,RB,21,73,2008,9
Brad Cottam,TE,23,76,2008,5
Early Doucet,WR,22,81,2008,12
Harry Douglas,WR,23,84,2008,13
Craig Stevens,TE,24,85,2008,6
Steve Slaton,RB,22,89,2008,10
Jermichael Finley,TE,21,91,2008,7
Kevin O'Connell,QB,23,94,2008,5
Mario Manningham,WR,22,95,2008,14
Andre Caldwell,WR,23,97,2008,15
Will Franklin,WR,22,105,2008,16
Marcus Smith,WR,23,106,2008,17
Martin Rucker,TE,23,111,2008,8
Tashard Choice,RB,23,122,2008,11
Arman Shields,WR,23,125,2008,18
Lavelle Hawkins,WR,22,126,2008,19
Jacob Tamme,TE,23,127,2008,9
Keenan Burton,WR,23,128,2008,20
Derek Fine,TE,25,132,2008,10
Kenny Moore,WR,23,136,2008,21
John David Booty,QB,,137,2008,6
Ryan Torain,RB,22,139,2008,12
Gary Barnidge,TE,22,141,2008,11
Tim Hightower,RB,22,149,2008,13
Matthew Slater,WR,22,153,2008,22
Dennis Dixon,QB,23,156,2008,7
Kellen Davis,TE,22,158,2008,12
Josh Johnson,QB,22,160,2008,8
Erik Ainge,QB,22,162,2008,9
Marcus Thomas,RB,24,166,2008,14
Marcus Henry,WR,22,171,2008,23
Thomas Brown,RB,22,172,2008,15
Josh Morgan,WR,23,174,2008,24
Jalen Parmele,RB,22,176,2008,16
Xavier Omon,RB,23,179,2008,17
Kevin Robinson,WR,23,182,2008,25
Colt Brennan ,QB,25,186,2008,10
Paul Hubbard,WR,23,191,2008,26
Jaymar Johnson,WR,24,193,2008,27
Tom Santi,TE,22,196,2008,13
Andre Woodson,QB,24,198,2008,11
Mike Hart,RB,22,202,2008,18
Lex Hilliard,RB,24,204,2008,19
Pierre Garcon,WR,22,205,2008,28
Matt Sherry,TE,23,207,2008,14
Matt Flynn,QB,23,209,2008,12
Chauncey Washington,RB,23,213,2008,20
Justin Harper,WR,23,215,2008,29
Brett Swain,WR,23,217,2008,30
Alex Brink,QB,23,223,2008,13
Steve Johnson,WR,21,224,2008,31
Chaz Schilens,WR,22,226,2008,32
Keith Zinger,TE,23,232,2008,15
Justin Forsett,RB,22,233,2008,21
Adrian Arrington,WR,22,237,2008,33
Cory Boyd,RB,23,238,2008,22
Mike Merritt,TE,24,239,2008,16
Allen Patrick,RB,24,240,2008,23
Mario Urrutia,WR,22,246,2008,34
Marcus Monk,WR,22,248,2008,35
Matthew Stafford,QB,21,1,2009,1
Mark Sanchez,QB,22,5,2009,2
Darrius Heyward-Bey,WR,22,7,2009,1
Michael Crabtree,WR,21,10,2009,2
Knowshon Moreno,RB,22,12,2009,1
Josh Freeman,QB,21,17,2009,3
Jeremy Maclin,WR,21,19,2009,3
Brandon Pettigrew,TE,24,20,2009,1
Percy Harvin,WR,21,22,2009,4
Donald Brown,RB,22,27,2009,2
Hakeem Nicks,WR,21,29,2009,5
Kenny Britt,WR,20,30,2009,6
Beanie Wells,RB,21,31,2009,3
Brian Robiskie,WR,21,36,2009,7
Pat White,QB,23,44,2009,4
Mohamed Massaquoi,WR,22,50,2009,8
LeSean McCoy,RB,21,53,2009,4
Richard Quinn,TE,23,64,2009,2
Shonn Greene,RB,24,65,2009,5
Glen Coffee,RB,22,74,2009,6
Derrick Williams,WR,23,82,2009,9
Brandon Tate,WR,21,83,2009,10
Mike Wallace,WR,23,84,2009,11
Ramses Barden,WR,23,85,2009,12
Patrick Turner,WR,22,87,2009,13
Jared Cook,TE,22,89,2009,3
Deon Butler,WR,23,91,2009,14
Chase Coffman,TE,22,98,2009,4
Juaquin Iglesias,WR,22,99,2009,15
Travis Beckum,TE,22,100,2009,5
Stephen McGee,QB,23,101,2009,5
Mike Thomas,WR,22,107,2009,16
Brian Hartline,WR,22,108,2009,17
Mike Goodson,RB,22,111,2009,7
Shawn Nelson,TE,23,121,2009,6
Anthony Hill,TE,24,122,2009,7
Louis Murphy,WR,22,124,2009,18
Austin Collie,WR,23,127,2009,19
Tony Fiammetta,RB,23,128,2009,8
Andre Brown,RB,22,129,2009,9
Gartrell Johnson,RB,23,134,2009,10
Johnny Knox,WR,22,140,2009,20
Kenny McKinley,WR,22,141,2009,21
Jarett Dillard,WR,23,144,2009,22
Quinn Johnson,RB,22,145,2009,11
Davon Drew,TE,23,149,2009,8
Rhett Bomar,QB,24,151,2009,6
James Casey,TE,24,152,2009,9
Cornelius Ingram,TE,24,153,2009,10
Brooks Foster,WR,23,160,2009,23
John Nalbone,TE,23,161,2009,11
Frank Summers,RB,24,169,2009,12
Nate Davis,QB,22,171,2009,7
Javon Ringer,RB,22,173,2009,13
Tom Brandstater,QB,24,174,2009,8
Quinten Lawrence,WR,24,175,2009,24
Mike Teel,QB,23,178,2009,9
Zach Miller,TE,24,180,2009,12
Bear Pascoe,TE,23,184,2009,13
Cedric Peerman,RB,22,185,2009,14
Aaron Brown,RB,23,192,2009,15
Brandon Gibson,WR,22,194,2009,25
James Davis,RB,23,195,2009,16
Keith Null,QB,23,196,2009,10
Curtis Painter,QB,24,201,2009,11
Brandon Myers,TE,24,202,2009,14
Dominique Edison,WR,23,206,2009,26
John Phillips,TE,22,208,2009,15
Bernard Scott,RB,25,209,2009,17
Chris Ogbonnaya,RB,23,211,2009,18
Javarris Williams,RB,23,212,2009,19
Fui Vakapuna,RB,25,215,2009,20
Eddie Williams,RB,22,221,2009,21
Demetrius Byrd,WR,,224,2009,27
Manuel Johnson,WR,22,229,2009,28
Julian Edelman,WR,23,232,2009,29
Sammie Stroughter,WR,23,233,2009,30
Jake O'Connell,TE,23,237,2009,16
LaRod Stephens-Howling,RB,22,240,2009,22
David Johnson,TE,22,241,2009,17
Marko Mitchell,WR,24,243,2009,31
Cameron Morrah,TE,22,248,2009,18
Rashad Jennings,RB,24,250,2009,23
Derek Kinder,WR,,251,2009,32
Freddie Brown,WR,,252,2009,33
Tiquan Underwood,WR,22,253,2009,34
Dan Gronkowski,TE,24,255,2009,19
Sam Bradford,QB,22,1,2010,1
C.J. Spiller,RB,23,9,2010,1
Ryan Mathews,RB,22,12,2010,2
Jermaine Gresham,TE,22,21,2010,1
Demaryius Thomas,WR,22,22,2010,1
Dez Bryant,WR,21,24,2010,2
Tim Tebow,QB,23,25,2010,2
Jahvid Best,RB,21,30,2010,3
Dexter McCluster,WR,21,36,2010,3
Arrelious Benn,WR,21,39,2010,4
Rob Gronkowski,TE,21,42,2010,2
Jimmy Clausen,QB,22,48,2010,3
Toby Gerhart,RB,23,51,2010,4
Ben Tate,RB,22,58,2010,5
Montario Hardesty,RB,23,59,2010,6
Golden Tate,WR,22,60,2010,5
Ed Dickson,TE,23,70,2010,3
Damian Williams,WR,22,77,2010,6
Brandon LaFell,WR,23,78,2010,7
Emmanuel Sanders,WR,23,82,2010,8
Jordan Shipley,WR,24,84,2010,9
Colt McCoy,QB,24,85,2010,4
Eric Decker,WR,23,87,2010,10
Andre Roberts,WR,22,88,2010,11
Armanti Edwards,WR,22,89,2010,12
Taylor Price,WR,22,90,2010,13
Tony Moeaki,TE,23,93,2010,4
Jimmy Graham,TE,23,95,2010,5
Mardy Gilyard,WR,23,99,2010,14
Mike Williams,WR,23,101,2010,15
Marcus Easley,WR,22,107,2010,16
Jacoby Ford,WR,23,108,2010,17
Joe McKnight,RB,22,112,2010,7
Aaron Hernandez,TE,20,113,2010,6
Dennis Pitta,TE,25,114,2010,7
Garrett Graham,TE,24,118,2010,8
Mike Kafka,QB,23,122,2010,5
Clay Harbor,TE,23,125,2010,9
Michael Hoomanawanui,TE,22,132,2010,10
John Conner,RB,23,139,2010,8
Andrew Quarless,TE,21,154,2010,11
John Skelton,QB,22,155,2010,6
David Reed,WR,23,156,2010,18
Riley Cooper,WR,22,159,2010,19
Brody Eldridge,TE,23,162,2010,12
Kerry Meier,WR,23,165,2010,20
Jonathan Crompton,QB,23,168,2010,7
Fendi Onobun,TE,23,170,2010,13
Anthony Dixon,RB,22,173,2010,9
Dennis Morris,RB,,174,2010,10
Rusty Smith,QB,23,176,2010,8
Carlton Mitchell,WR,22,177,2010,21
Deji Karim,RB,23,180,2010,11
Dan LeFevour,QB,23,181,2010,9
Nate Byham,TE,22,182,2010,14
Anthony McCoy,TE,22,185,2010,15
Jonathan Dwyer,RB,21,188,2010,12
Dezmon Briscoe,WR,21,191,2010,22
James Starks,RB,24,193,2010,13
Antonio Brown,WR,22,195,2010,23
Trindon Holliday,WR,24,197,2010,24
David Gettis,WR,23,198,2010,25
Joe Webb,WR,23,199,2010,26
Charles Scott,RB,,200,2010,14
Tony Pike,QB,24,204,2010,10
Kyle Williams,WR,22,206,2010,27
Levi Brown,QB,23,209,2010,11
Mickey Shuler,TE,23,214,2010,16
Terrence Austin,WR,22,219,2010,28
Marc Mariani,WR,23,222,2010,29
Dorin Dickerson,WR,22,227,2010,30
Jim Dray,TE,23,233,2010,17
Dedrick Epps,TE,22,235,2010,18
Ryan D'Imperio,RB,23,237,2010,15
Sean Canfield,QB,24,239,2010,12
Jameson Konz,TE,24,245,2010,19
Zac Robinson,QB,23,250,2010,13
Tim Toone,WR,25,255,2010,31
Harvey Unga,RB,23,256,2010,16
Cam Newton,QB,22,1,2011,1
A.J. Green,WR,23,4,2011,1
Julio Jones,WR,22,6,2011,2
Jake Locker,QB,23,8,2011,2
Blaine Gabbert,QB,21,10,2011,3
Christian Ponder,QB,23,12,2011,4
Jonathan Baldwin,WR,22,26,2011,3
Mark Ingram,RB,21,28,2011,1
Andy Dalton,QB,23,35,2011,5
Colin Kaepernick,QB,23,36,2011,6
Ryan Williams,RB,21,38,2011,2
Kyle Rudolph,TE,21,43,2011,1
Titus Young,WR,22,44,2011,4
Lance Kendricks,TE,23,47,2011,2
Shane Vereen,RB,22,56,2011,3
Mikel Leshoure,RB,21,57,2011,4
Torrey Smith,WR,22,58,2011,5
Greg Little,WR,22,59,2011,6
Daniel Thomas,RB,23,62,2011,5
Randall Cobb,WR,21,64,2011,7
Rob Housler,TE,23,69,2011,3
DeMarco Murray,RB,23,71,2011,6
Stevan Ridley,RB,22,73,2011,7
Ryan Mallett,QB,23,74,2011,7
Austin Pettis,WR,23,78,2011,8
Leonard Hankerson,WR,22,79,2011,9
Vincent Brown,WR,22,82,2011,10
Jerrel Jernigan,WR,22,83,2011,11
Alex Green,RB,23,96,2011,8
Jordan Cameron,TE,23,102,2011,4
Luke Stocker,TE,23,104,2011,5
Roy Helu,RB,22,105,2011,9
Kris Durham,WR,23,107,2011,12
Clyde Gates,WR,25,111,2011,13
Greg Salas,WR,23,112,2011,14
Cecil Shorts,WR,23,114,2011,15
Kendall Hunter,RB,22,115,2011,10
Delone Carter,RB,24,119,2011,11
Tandon Doss,WR,21,123,2011,16
Owen Marecic,RB,22,124,2011,12
Taiwan Jones,RB,23,125,2011,13
Bilal Powell,RB,22,126,2011,14
Julius Thomas,TE,23,129,2011,6
Jamie Harper,RB,21,130,2011,15
Kealoha Pilares,WR,23,132,2011,17
Johnny White,RB,23,133,2011,16
Ricky Stanzi,QB,24,135,2011,8
Anthony Sherman,RB,22,136,2011,17
D.J. Williams,TE,22,141,2011,7
Jacquizz Rodgers,RB,21,145,2011,18
Denarius Moore,WR,22,148,2011,18
Dion Lewis,RB,20,149,2011,19
T.J. Yates,QB,24,152,2011,9
Jeremy Kerley,WR,22,153,2011,19
Niles Paul,WR,22,155,2011,20
Lee Smith,TE,23,159,2011,8
Nathan Enderle,QB,23,160,2011,10
Ryan Whalen,WR,22,167,2011,21
Charles Clay,TE,22,174,2011,9
Dwayne Harris,WR,23,176,2011,22
Evan Royster,RB,23,177,2011,20
Aldrick Robinson,WR,22,178,2011,23
Tyrod Taylor,QB,22,180,2011,11
Richard Gordon,TE,24,181,2011,10
Ronald Johnson,WR,23,182,2011,24
Jordan Todman,RB,21,183,2011,21
Allen Bradford,RB,23,187,2011,22
Virgil Green,TE,23,204,2011,11
Greg McElroy,QB,23,208,2011,12
Ryan Taylor,TE,23,218,2011,12
Shaun Chapas,RB,23,220,2011,23
Da'Rel Scott,RB,23,221,2011,24
Shane Bannon,RB,22,223,2011,25
Anthony Allen,RB,23,225,2011,26
Scotty McKnight,WR,23,227,2011,25
Baron Batch,RB,23,232,2011,27
Stephen Burton,WR,21,236,2011,26
Daniel Hardy,TE,24,238,2011,13
Stanley Havili,RB,23,240,2011,28
David Ausberry,WR,23,241,2011,27
Jay Finley,RB,23,246,2011,29
DeMarco Sampson,WR,25,249,2011,28
Terrelle Pryor,QB,22,255,2011,13
Andrew Luck,QB,22,1,2012,1
Robert Griffin III,QB,22,2,2012,2
Trent Richardson,RB,22,3,2012,1
Justin Blackmon,WR,22,5,2012,1
Ryan Tannehill,QB,24,8,2012,3
Michael Floyd,WR,22,13,2012,2
Kendall Wright,WR,22,20,2012,3
Brandon Weeden,QB,28,22,2012,4
A.J. Jenkins,WR,22,30,2012,4
Doug Martin,RB,23,31,2012,2
David Wilson,RB,21,32,2012,3
Brian Quick,WR,23,33,2012,5
Coby Fleener,TE,23,34,2012,1
Stephen Hill,WR,21,43,2012,6
Alshon Jeffery,WR,22,45,2012,7
Isaiah Pead,RB,22,50,2012,4
Ryan Broyles,WR,24,54,2012,8
Brock Osweiler,QB,21,57,2012,5
LaMichael James,RB,22,61,2012,5
Rueben Randle,WR,21,63,2012,9
Dwayne Allen,TE,22,64,2012,2
Ronnie Hillman,RB,20,67,2012,6
DeVier Posey,WR,22,68,2012,10
T.J. Graham,WR,23,69,2012,11
Russell Wilson,QB,23,75,2012,6
Michael Egnew,TE,22,78,2012,3
Mohamed Sanu,WR,23,83,2012,12
Bernard Pierce,RB,21,84,2012,7
Nick Foles ,QB,23,88,2012,7
T.Y. Hilton,WR,22,92,2012,13
Chris Givens,WR,22,96,2012,14
Lamar Miller,RB,21,97,2012,8
Travis Benjamin,WR,22,100,2012,15
Kirk Cousins,QB,24,102,2012,8
Joe Adams,WR,22,104,2012,16
Robert Turbin,RB,22,106,2012,9
Devon Wylie,WR,24,107,2012,17
Ladarius Green,TE,22,110,2012,4
Evan Rodriguez,TE,23,111,2012,5
Orson Charles,TE,21,116,2012,6
Jarius Wright,WR,22,118,2012,18
Keshawn Martin,WR,22,121,2012,19
Nick Toon,WR,23,122,2012,20
Adrien Robinson,TE,23,127,2012,7
Rhett Ellison,RB,23,128,2012,10
Greg Childs,WR,22,134,2012,21
Taylor Thompson,TE,22,145,2012,8
Danny Coale,WR,24,152,2012,22
Bradie Ewing,RB,22,157,2012,11
Chris Rainey,RB,24,159,2012,12
Marvin Jones,WR,22,166,2012,23
Juron Criner,WR,22,168,2012,24
Vick Ballard,RB,22,170,2012,13
Alfred Morris,RB,23,173,2012,14
Cyrus Gray,RB,22,182,2012,15
B.J. Cunningham,WR,23,183,2012,25
Ryan Lindley,QB,23,185,2012,9
James Hanna,TE,23,186,2012,9
Dan Herron,RB,23,191,2012,16
Marvin McNutt,WR,23,194,2012,26
Tommy Streeter,WR,22,198,2012,27
Terrance Ganaway,RB,23,202,2012,17
LaVon Brazill,WR,23,206,2012,28
Michael Smith,RB,24,212,2012,18
Rishard Matthews,WR,22,227,2012,29
Bryce Brown,RB,21,229,2012,19
Toney Clemons,WR,23,231,2012,30
Drake Dunsmore,TE,23,233,2012,10
Jeremy Ebert,WR,23,235,2012,31
Junior Hemingway,WR,23,238,2012,32
David Paulson,TE,23,240,2012,11
B.J. Coleman,QB,23,243,2012,10
Jordan White,WR,24,244,2012,33
Brad Smelley,TE,23,247,2012,12
Edwin Baker,RB,21,250,2012,20
Daryl Richardson,RB,22,252,2012,21
Chandler Harnish,QB,24,253,2012,11
Josh Gordon,WR,21,254,2012,34
Tavon Austin,WR,23,8,2013,1
EJ Manuel,QB,23,16,2013,1
Tyler Eifert,TE,22,21,2013,1
DeAndre Hopkins,WR,21,27,2013,2
Cordarrelle Patterson,WR,22,29,2013,3
Justin Hunter,WR,22,34,2013,4
Zach Ertz,TE,22,35,2013,2
Giovani Bernard,RB,21,37,2013,1
Geno Smith,QB,22,39,2013,2
Robert Woods,WR,21,41,2013,5
Gavin Escobar,TE,22,47,2013,3
Le'Veon Bell,RB,21,48,2013,2
Vance McDonald ,TE,23,55,2013,4
Montee Ball,RB,22,58,2013,3
Aaron Dobson,WR,22,59,2013,6
Eddie Lacy,RB,23,61,2013,4
Christine Michael,RB,22,62,2013,5
Travis Kelce,TE,23,63,2013,5
Mike Glennon,QB,23,73,2013,3
Terrance Williams,WR,23,74,2013,7
Keenan Allen,WR,21,76,2013,8
Marquise Goodwin,WR,22,78,2013,9
Markus Wheaton,WR,22,79,2013,10
Jordan Reed,TE,23,85,2013,6
Stedman Bailey,WR,22,92,2013,11
Knile Davis,RB,21,96,2013,6
Matt Barkley,QB,22,98,2013,4
Ace Sanders,WR,21,101,2013,12
Josh Boyce,WR,22,102,2013,13
Dion Sims,TE,22,106,2013,7
Ryan Nassib,QB,23,110,2013,5
Tyler Wilson,QB,24,112,2013,6
Landry Jones,QB,24,115,2013,7
Chris Harper,WR,23,123,2013,14
Johnathan Franklin,RB,23,125,2013,7
Quinton Patton,WR,23,128,2013,15
Kyle Juszczyk,RB,22,130,2013,8
Marcus Lattimore,RB,21,131,2013,9
Levine Toilolo,TE,22,133,2013,8
Denard Robinson,WR,22,135,2013,16
Stepfan Taylor,RB,22,140,2013,10
Kenny Stills,WR,21,144,2013,17
Joseph Randle,RB,21,151,2013,11
Chris Thompson,RB,22,154,2013,12
Luke Willson,TE,23,158,2013,9
Zac Stacy,RB,22,160,2013,13
Tavarres King,WR,23,161,2013,18
Mike Gillislee,RB,22,164,2013,14
Corey Fuller,WR,23,171,2013,19
Nick Kasa,TE,22,172,2013,10
Ryan Swope,WR,22,174,2013,20
Latavius Murray,RB,23,181,2013,15
Kenjon Barner,RB,24,182,2013,16
Mychal Rivera,TE,22,184,2013,11
Justin Brown,WR,22,186,2013,21
Andre Ellington,RB,24,187,2013,17
Mike James,RB,22,189,2013,18
Rex Burkhead,RB,23,190,2013,19
Spencer Ware,RB,21,194,2013,20
Alan Bonner,WR,22,195,2013,22
Cobi Hamilton,WR,22,197,2013,23
Theo Riddick,RB,22,199,2013,21
Ryan Griffin,TE,23,201,2013,12
Brice Butler,WR,23,209,2013,24
Michael Williams,TE,22,211,2013,13
Tommy Bohanon,RB,22,215,2013,22
Charles Johnson,WR,24,216,2013,25
D.C. Jefferson,TE,24,219,2013,14
Brad Sorensen,QB,25,221,2013,8
Chris Gragg,TE,23,222,2013,15
Kevin Dorsey,WR,23,224,2013,26
Jawan Jamison,RB,21,228,2013,23
Kerwynn Williams,RB,22,230,2013,24
Zac Dysert,QB,23,234,2013,9
Marquess Wilson,WR,20,236,2013,27
B.J. Daniels,QB,24,237,2013,10
Aaron Mellette,WR,23,238,2013,28
Sean Renfree,QB,23,249,2013,11
Michael Cox,RB,24,253,2013,25
Justice Cunningham,TE,22,254,2013,16
Blake Bortles,QB,22,3,2014,1
Sammy Watkins,WR,21,4,2014,1
Mike Evans,WR,21,7,2014,2
Eric Ebron,TE,21,10,2014,1
Odell Beckham Jr.,WR,21,12,2014,3
Brandin Cooks,WR,20,20,2014,4
Johnny Manziel,QB,21,22,2014,2
Kelvin Benjamin,WR,23,28,2014,5
Teddy Bridgewater,QB,21,32,2014,3
Derek Carr,QB,23,36,2014,4
Austin Seferian-Jenkins,TE,21,38,2014,2
Marqise Lee,WR,22,39,2014,6
Jordan Matthews,WR,22,42,2014,7
Paul Richardson,WR,22,45,2014,8
Jace Amaro,TE,22,49,2014,3
Troy Niklas,TE,21,52,2014,4
Davante Adams,WR,21,53,2014,9
Bishop Sankey,RB,21,54,2014,1
Jeremy Hill,RB,21,55,2014,2
Cody Latimer,WR,21,56,2014,10
Carlos Hyde,RB,23,57,2014,3
Allen Robinson,WR,21,61,2014,11
Jimmy Garoppolo,QB,22,62,2014,5
Jarvis Landry,WR,21,63,2014,12
C.J. Fiedorowicz,TE,22,65,2014,5
Charles Sims,RB,23,69,2014,4
Tre Mason,RB,21,75,2014,5
Josh Huff,WR,22,86,2014,13
Donte Moncrief,WR,21,90,2014,14
John Brown,WR,24,91,2014,15
Terrance West,RB,23,94,2014,6
Jerick McKinnon,RB,22,96,2014,7
Dri Archer,WR,23,97,2014,16
Richard Rodgers,TE,22,98,2014,6
Crockett Gillmore,TE,22,99,2014,7
Devonta Freeman,RB,22,103,2014,8
Jalen Saunders,WR,21,104,2014,17
Bruce Ellington,WR,23,106,2014,18
Andre Williams,RB,22,113,2014,9
Shaquelle Evans,WR,23,115,2014,19
Ka'Deem Carey,RB,21,117,2014,10
Martavis Bryant,WR,22,118,2014,20
Logan Thomas,QB,23,120,2014,6
Kevin Norwood,WR,24,123,2014,21
De'Anthony Thomas,RB,21,124,2014,11
James White,RB,22,130,2014,12
Tom Savage,QB,24,135,2014,7
Lorenzo Taliaferro,RB,22,138,2014,13
Ryan Grant,WR,23,142,2014,22
Devin Street,WR,23,146,2014,23
Arthur Lynch,TE,24,155,2014,8
Aaron Murray,QB,23,163,2014,8
A.J. McCarron,QB,23,164,2014,9
Jared Abbrederis,WR,23,176,2014,24
Zach Mettenberger,QB,23,178,2014,10
Alfred Blue,RB,23,181,2014,14
David Fales,QB,23,183,2014,11
Robert Herron,WR,22,185,2014,25
Lache Seastrunk,RB,23,186,2014,15
T.J. Jones,WR,22,189,2014,26
Matt Hazel,WR,22,190,2014,27
Keith Wenning,QB,23,194,2014,12
Walt Powell,WR,22,196,2014,28
Marion Grice,RB,23,201,2014,16
Tyler Gaffney,RB,23,204,2014,17
Quincy Enunwa,WR,22,209,2014,29
Tajh Boyd,QB,23,213,2014,13
Garrett Gilbert,QB,23,214,2014,14
Ted Bolser,TE,23,217,2014,9
Michael Campanaro,WR,23,218,2014,30
Storm Johnson,RB,22,222,2014,18
Kiero Small,RB,25,227,2014,19
Rob Blanchflower,TE,24,230,2014,10
Jeff Janis,WR,23,236,2014,31
James Wright,WR,22,239,2014,32
Tevin Reese,WR,23,240,2014,33
Jeremy Gallon,WR,24,244,2014,34
Jameis Winston,QB,21,1,2015,1
Marcus Mariota,QB,21,2,2015,2
Amari Cooper,WR,21,4,2015,1
Kevin White,WR,23,7,2015,2
Todd Gurley,RB,21,10,2015,1
DeVante Parker,WR,22,14,2015,3
Melvin Gordon,RB,22,15,2015,2
Nelson Agholor,WR,22,20,2015,4
Breshad Perriman,WR,21,26,2015,5
Phillip Dorsett,WR,22,29,2015,6
T.J. Yeldon,RB,21,36,2015,3
Devin Smith,WR,23,37,2015,7
Dorial Green-Beckham,WR,22,40,2015,8
Devin Funchess,TE,21,41,2015,1
Ameer Abdullah,RB,22,54,2015,4
Maxx Williams,TE,21,55,2015,2
Clive Walford,TE,23,68,2015,3
Tyler Lockett,WR,22,69,2015,9
Jaelen Strong,WR,21,70,2015,10
Tevin Coleman,RB,22,73,2015,5
Garrett Grayson,QB,24,75,2015,3
Chris Conley,WR,22,76,2015,11
Duke Johnson,RB,21,77,2015,6
Tyler Kroft,TE,22,85,2015,4
David Johnson,RB,23,86,2015,7
Sammie Coates,WR,22,87,2015,12
Sean Mannion,QB,23,89,2015,4
Jeff Heuerman,TE,22,92,2015,5
Ty Montgomery,WR,22,94,2015,13
Matt Jones,RB,22,95,2015,8
Bryce Petty,QB,24,103,2015,5
Jamison Crowder,WR,22,105,2015,14
Jeremy Langford,RB,23,106,2015,9
Justin Hardy,WR,23,107,2015,15
Blake Bell,TE,24,117,2015,6
Vince Mayle,WR,24,123,2015,16
Javorius Allen,RB,24,125,2015,10
Mike Davis,RB,22,126,2015,11
DeAndre Smelter,WR,23,132,2015,17
David Cobb,RB,22,138,2015,12
Rashad Greene,WR,22,139,2015,18
MyCole Pruitt,TE,23,143,2015,7
Stefon Diggs,WR,21,146,2015,19
Brett Hundley,QB,22,147,2015,6
Jay Ajayi,RB,22,149,2015,13
Karlos Williams,RB,22,155,2015,14
Tony Lippett,WR,23,156,2015,20
C.J. Uzomah,TE,22,157,2015,8
JJ Nelson,WR,23,159,2015,21
Jesse James,TE,21,160,2015,9
Kenny Bell,WR,23,162,2015,22
Nick Boyle,TE,22,171,2015,10
James O'Shaughnessy,TE,23,173,2015,11
Cameron Artis-Payne,RB,25,174,2015,15
Keith Mumphery,WR,23,175,2015,23
Kaelin Clay,WR,23,184,2015,24
Geremy Davis,WR,23,186,2015,25
Evan Spencer,WR,22,187,2015,26
Nick O'Leary,TE,23,194,2015,12
Malcolm Johnson,TE,23,195,2015,13
Randall Telfer,TE,23,198,2015,14
Bud Sasser,WR,,201,2015,27
A.J. Derby,TE,23,202,2015,15
Darren Waller,WR,22,204,2015,28
Josh Robinson,RB,23,205,2015,16
Kennard Backman,TE,22,213,2015,16
Neal Sterling,WR,23,220,2015,29
Andre Debose,WR,,221,2015,30
Ben Koyack,TE,22,229,2015,17
Marcus Murphy,RB,23,230,2015,17
Da'Ron Brown,WR,23,233,2015,31
Dezmin Lewis,WR,22,234,2015,32
Kenny Hilliard,RB,23,235,2015,18
Mario Alford,WR,23,238,2015,33
Tre McBride,WR,22,245,2015,34
Geoff Swaim,TE,21,246,2015,18
Trevor Siemian,QB,23,250,2015,7
Rory Anderson,TE,22,254,2015,19
Gerald Christian,TE,24,256,2015,20
Jared Goff,QB,21,1,2016,1
Carson Wentz,QB,23,2,2016,2
Ezekiel Elliott,RB,21,4,2016,1
Corey Coleman,WR,22,15,2016,1
Will Fuller,WR,22,21,2016,2
Josh Doctson,WR,23,22,2016,3
Laquon Treadwell,WR,21,23,2016,4
Paxton Lynch,QB,22,26,2016,3
Hunter Henry,TE,21,35,2016,1
Sterling Shepard,WR,23,40,2016,5
Derrick Henry ,RB,22,45,2016,2
Michael Thomas,WR,23,47,2016,6
Christian Hackenberg,QB,21,51,2016,4
Tyler Boyd,WR,21,55,2016,7
Kenyan Drake,RB,22,73,2016,3
Austin Hooper,TE,21,81,2016,2
Braxton Miller,WR,23,85,2016,8
Leonte Carroo,WR,22,86,2016,9
C.J. Prosise,RB,22,90,2016,4
Jacoby Brissett,QB,23,91,2016,5
Cody Kessler,QB,23,93,2016,6
Nick Vannett,TE,23,94,2016,3
Connor Cook,QB,23,100,2016,7
Chris Moore,WR,23,107,2016,10
Tyler Higbee,TE,23,110,2016,4
Malcolm Mitchell,WR,24,112,2016,11
Ricardo Louis,WR,22,114,2016,12
Pharoh Cooper,WR,21,117,2016,13
Tyler Ervin,RB,22,119,2016,5
Demarcus Robinson,WR,21,126,2016,14
Kenneth Dixon,RB,22,134,2016,6
Dak Prescott,QB,23,135,2016,8
Devontae Booker,RB,24,136,2016,7
Seth Devalve,TE,23,138,2016,5
Cardale Jones,QB,23,139,2016,9
Tajae Sharpe,WR,21,140,2016,15
DeAndre Washington,RB,23,143,2016,8
Paul Perkins,RB,21,149,2016,9
Jordan Howard,RB,21,150,2016,10
Wendell Smallwood,RB,22,153,2016,11
Jordan Payton,WR,23,154,2016,16
Jonathan Williams,RB,22,156,2016,12
Kevin Hogan,QB,23,162,2016,10
Trevor Davis,WR,23,163,2016,17
Tyreek Hill,WR,22,165,2016,18
Alex Collins,RB,22,171,2016,13
Rashard Higgins,WR,21,172,2016,19
Temarrick Hemingway,TE,23,177,2016,6
Moritz Boehringer,WR,22,180,2016,20
Keenan Reynolds,RB,22,182,2016,14
Jerell Adams,TE,23,184,2016,7
Jakeem Grant,WR,23,186,2016,21
Nate Sudfeld,QB,22,187,2016,11
David Morgan,TE,23,188,2016,8
Jake Rudock,QB,23,191,2016,12
Kolby Listenbee,WR,22,192,2016,22
Cody Core,WR,22,199,2016,23
Brandon Allen,QB,24,201,2016,13
Mike Thomas,WR,22,206,2016,24
Jeff Driskel,QB,23,207,2016,14
Kelvin Taylor,RB,22,211,2016,15
Aaron Burbridge,WR,22,213,2016,25
Darius Jackson,RB,22,216,2016,16
Rico Gathers,TE,22,217,2016,9
Brandon Doughty,QB,24,223,2016,15
Devin Lucien,WR,23,225,2016,26
Demarcus Ayers,WR,22,229,2016,27
Daniel Braverman,WR,22,230,2016,28
Thomas Duarte,TE,21,231,2016,10
Dwayne Washington,RB,22,236,2016,17
Daniel Lasco,RB,23,237,2016,18
Devin Fuller,WR,22,238,2016,29
Charone Peake,WR,23,241,2016,30
Keith Marshall,RB,22,242,2016,19
Kenny Lawler,WR,22,243,2016,31
Zac Brooks,RB,23,247,2016,20
Beau Sandland,TE,23,252,2016,11
Mitchell Trubisky,QB,23,2,2017,1
Leonard Fournette,RB,22,4,2017,1
Corey Davis,WR,22,5,2017,1
Mike Williams,WR,22,7,2017,2
Christian McCaffrey,RB,21,8,2017,2
John Ross,WR,21,9,2017,3
Patrick Mahomes,QB,21,10,2017,2
Deshaun Watson,QB,21,12,2017,3
O.J. Howard,TE,22,19,2017,1
Evan Engram,TE,23,23,2017,2
David Njoku,TE,21,29,2017,3
Zay Jones,WR,22,37,2017,4
Curtis Samuel,WR,21,40,2017,5
Dalvin Cook,RB,22,41,2017,3
Gerald Everett,TE,23,44,2017,4
Adam Shaheen,TE,22,45,2017,5
Joe Mixon,RB,21,48,2017,4
DeShone Kizer,QB,21,52,2017,4
JuJu Smith-Schuster,WR,20,62,2017,6
Alvin Kamara,RB,22,67,2017,5
Cooper Kupp,WR,24,69,2017,7
Taywan Taylor,WR,22,72,2017,8
ArDarius Stewart,WR,23,79,2017,9
Carlos Henderson,WR,22,82,2017,10
Chris Godwin,WR,21,84,2017,11
Kareem Hunt,RB,22,86,2017,6
Davis Webb,QB,22,87,2017,5
D'Onta Foreman,RB,21,89,2017,7
Kenny Golladay,WR,23,96,2017,12
Chad Williams,WR,22,98,2017,13
Jonnu Smith,TE,22,100,2017,6
C.J. Beathard,QB,23,104,2017,6
James Conner,RB,22,105,2017,8
Amara Darboh,WR,23,106,2017,14
Dede Westbrook,WR,23,110,2017,15
Samaje Perine,RB,21,114,2017,9
Josh Reynolds,WR,22,117,2017,16
Mack Hollins,WR,23,118,2017,17
Tarik Cohen,RB,22,119,2017,10
Joe Williams,RB,24,121,2017,11
Michael Roberts,TE,23,127,2017,7
Josh Malone,WR,21,128,2017,18
Donnel Pumphrey,RB,22,132,2017,12
Ryan Switzer,WR,22,133,2017,19
Jamaal Williams,RB,22,134,2017,13
Joshua Dobbs,QB,22,135,2017,7
Jehu Chesson,WR,23,139,2017,20
Wayne Gallman,RB,22,140,2017,14
Chad Hansen,WR,22,141,2017,21
Marlon Mack,RB,21,143,2017,15
Jake Butt,TE,22,145,2017,8
George Kittle,TE,23,146,2017,9
Jordan Leggett,TE,22,150,2017,10
Jeremy Sprinkle,TE,23,154,2017,11
Brian Hill,RB,21,156,2017,16
Jeremy McNichols,RB,21,162,2017,17
Shelton Gibson,WR,23,166,2017,22
Rodney Adams,WR,22,170,2017,23
Nathan Peterman,QB,23,171,2017,8
Isaiah McKenzie,WR,22,172,2017,24
Eric Saubert,TE,23,174,2017,12
DeAngelo Yancey,WR,22,175,2017,25
Trent Taylor,WR,23,177,2017,26
T.J. Logan,RB,23,179,2017,18
Aaron Jones,RB,22,182,2017,19
Elijah McGuire,RB,23,188,2017,20
Bucky Hodges,TE,22,201,2017,13
De'Angelo Henderson,RB,24,203,2017,21
Brandon Wilson,RB,23,207,2017,22
Robert Davis,WR,22,209,2017,27
Brad Kaaya,QB,22,215,2017,9
Stacy Coley,WR,23,219,2017,28
David Moore,WR,22,226,2017,29
Isaiah Ford,WR,21,237,2017,30
Devante Mays,RB,23,238,2017,23
Noah Brown,WR,21,239,2017,31
Khalfani Muhammad,RB,22,241,2017,24
Elijah Hood,RB,21,242,2017,25
Malachi Dupre,WR,21,247,2017,32
Chris Carson,RB,22,249,2017,26
Mason Schreck,TE,23,251,2017,14
Matthew Dayes,RB,23,252,2017,27
Chad Kelly,QB,23,253,2017,10
Baker Mayfield,QB,23,1,2018,1
Saquon Barkley,RB,21,2,2018,1
Sam Darnold,QB,21,3,2018,2
Josh Allen,QB,22,7,2018,3
Josh Rosen,QB,21,10,2018,4
D.J. Moore,WR,21,24,2018,1
Hayden Hurst,TE,25,25,2018,1
Calvin Ridley,WR,23,26,2018,2
Rashaad Penny,RB,22,27,2018,2
Sony Michel,RB,23,31,2018,3
Lamar Jackson,QB,21,32,2018,5
Nick Chubb,RB,22,35,2018,4
Ronald Jones II,RB,21,38,2018,5
Courtland Sutton,WR,22,40,2018,3
Mike Gesicki,TE,22,42,2018,2
Kerryon Johnson,RB,21,43,2018,6
Dante Pettis,WR,22,44,2018,4
Christian Kirk,WR,21,47,2018,5
Dallas Goedert,TE,23,49,2018,3
Anthony Miller,WR,23,51,2018,6
Derrius Guice,RB,21,59,2018,7
James Washington,WR,22,60,2018,7
DJ Chark,WR,21,61,2018,8
Royce Freeman,RB,22,71,2018,8
Mason Rudolph,QB,23,76,2018,6
Michael Gallup,WR,22,81,2018,9
Mark Andrews,TE,23,86,2018,4
Tre'Quan Smith,WR,22,91,2018,10
Jordan Akins,TE,26,98,2018,5
Ian Thomas,TE,22,101,2018,6
Keke Coutee,WR,21,103,2018,11
Nyheim Hines,RB,21,104,2018,9
Antonio Callaway,WR,21,105,2018,12
Chris Herndon,TE,22,107,2018,7
Kyle Lauletta,QB,23,108,2018,7
Mark Walton,RB,21,112,2018,10
DaeSean Hamilton,WR,23,113,2018,13
Will Dissly,TE,22,120,2018,8
Durham Smythe,TE,23,123,2018,9
Ito Smith,RB,22,126,2018,11
Kalen Ballage,RB,22,131,2018,12
Jaleel Scott,WR,23,132,2018,14
J'Mon Moore,WR,23,133,2018,15
Chase Edmonds,RB,22,134,2018,13
Dalton Schultz,TE,22,137,2018,10
Justin Watson,WR,22,144,2018,16
Troy Fumagalli,TE,23,156,2018,11
Tyler Conklin,TE,23,157,2018,12
Daurice Fountain,WR,22,159,2018,17
Jordan Lasley,WR,21,162,2018,18
Jaylen Samuels,TE,22,165,2018,13
Jordan Wilkins,RB,24,169,2018,14
Mike White,QB,23,171,2018,8
Marquez Valdes-Scantling,WR,23,174,2018,19
Damion Ratley,WR,23,175,2018,20
John Kelly,RB,21,176,2018,15
Deon Cain,WR,22,185,2018,21
Ray-Ray McCloud,WR,21,187,2018,22
Dylan Cantrell,WR,24,191,2018,23
Russell Gage,WR,22,194,2018,24
Tremon Smith,WR,22,196,2018,25
Luke Falk,QB,23,199,2018,9
Boston Scott,RB,23,201,2018,16
Tanner Lee,QB,23,203,2018,10
Trenton Cannon,RB,24,204,2018,17
Equanimeous St. Brown,WR,21,207,2018,26
Cedrick Wilson Jr.,WR,22,208,2018,27
Braxton Berrios,WR,22,210,2018,28
Jordan Thomas,TE,22,211,2018,14
Danny Etling,QB,24,219,2018,11
Alex McGough,QB,22,220,2018,12
Javon Wims,WR,23,224,2018,29
David Williams,RB,24,226,2018,18
Marcell Ateman,WR,23,228,2018,30
Bo Scarbrough,RB,23,236,2018,19
Nick Bawden,RB,22,237,2018,20
Richie James,WR,23,240,2018,31
Logan Woodside,QB,23,249,2018,13
Ryan Izzo,TE,22,250,2018,15
Justin Jackson,RB,22,251,2018,21
Auden Tate,WR,21,253,2018,32
Austin Proehl,WR,22,255,2018,33
Trey Quinn,WR,22,256,2018,34
Kyler Murray,QB,22,1,2019,1
Daniel Jones,QB,22,6,2019,2
T.J. Hockenson,TE,22,8,2019,1
Dwayne Haskins,QB,22,15,2019,3
Noah Fant,TE,21,20,2019,2
Josh Jacobs,RB,21,24,2019,1
Marquise Brown,WR,22,25,2019,1
N'Keal Harry,WR,21,32,2019,2
Deebo Samuel,WR,23,36,2019,3
Drew Lock,QB,22,42,2019,4
Irv Smith Jr.,TE,21,50,2019,3
A.J. Brown,WR,22,51,2019,4
Drew Sample,TE,23,52,2019,4
Miles Sanders,RB,22,53,2019,2
Mecole Hardman,WR,21,56,2019,5
JJ Arcega-Whiteside,WR,22,57,2019,6
Parris Campbell,WR,22,59,2019,7
Andy Isabella,WR,22,62,2019,8
D.K. Metcalf,WR,21,64,2019,9
Diontae Johnson,WR,23,66,2019,10
Jalen Hurd,WR,23,67,2019,11
Josh Oliver,TE,22,69,2019,5
Darrell Henderson,RB,22,70,2019,3
David Montgomery,RB,22,73,2019,4
Devin Singletary,RB,22,74,2019,5
Jace Sternberger,TE,23,75,2019,6
Terry McLaurin,WR,23,76,2019,12
Kahale Warring,TE,22,86,2019,7
Damien Harris,RB,22,87,2019,6
Miles Boykin,WR,22,93,2019,13
Dawson Knox,TE,22,96,2019,8
Will Grier,QB,24,100,2019,5
Alexander Mattison,RB,21,102,2019,7
Hakeem Butler,WR,23,103,2019,14
Ryan Finley,QB,24,104,2019,6
Bryce Love,RB,22,112,2019,8
Justice Hill,RB,21,113,2019,9
Gary Jennings Jr,WR,22,120,2019,15
Trevon Wesco,TE,23,121,2019,9
Benny Snell Jr.,RB,21,122,2019,10
Riley Ridley,WR,23,126,2019,16
Tony Pollard,RB,22,128,2019,11
Jarrett Stidham,QB,23,133,2019,7
Foster Moreau,TE,22,137,2019,10
Ryquell Armstead,RB,22,140,2019,12
Zach Gentry,TE,22,141,2019,11
Hunter Renfrow,WR,23,149,2019,17
Qadree Ollison,RB,22,152,2019,13
Jordan Scarlett,RB,23,154,2019,14
Easton Stick,QB,23,166,2019,8
Clayton Thorson,QB,24,167,2019,9
Darius Slayton,WR,22,171,2019,18
KeeSean Johnson,WR,22,174,2019,19
Kaden Smith,TE,22,176,2019,12
Gardner Minshew II,QB,23,178,2019,10
Trayveon Williams,RB,21,182,2019,15
Travis Fulgham,WR,23,184,2019,20
Ty Johnson,RB,21,186,2019,16
Juwann Winfree,WR,23,187,2019,21
Dexter Williams,RB,22,194,2019,17
Trace McSorley,QB,24,197,2019,11
Marcus Green,WR,23,203,2019,22
Travis Homer,RB,21,204,2019,18
Kelvin Harmon,WR,22,206,2019,23
Scott Miller,WR,22,208,2019,24
Rodney Anderson,RB,22,211,2019,19
Darwin Thompson,RB,22,214,2019,20
Mike Weber,RB,22,218,2019,21
Cullen Gillaspia,RB,24,220,2019,22
Kerrith Whyte Jr,RB,22,222,2019,23
Isaac Nauta,TE,22,224,2019,13
Tommy Sweeney,TE,24,228,2019,14
Aliz Mack,TE,22,231,2019,15
Chandler Cox,RB,23,233,2019,24
Myles Gaskin,RB,22,234,2019,25
John Ursua,WR,25,236,2019,25
Terry Godwin,WR,22,237,2019,26
Dillon Mitchell,WR,22,239,2019,27
Olabisi Johnson,WR,22,247,2019,28
Caleb Wilson,TE,23,254,2019,16
Joe Burrow,QB,23,1,2020,1
Tua Tagovailoa,QB,22,5,2020,2
Justin Herbert,QB,22,6,2020,3
Henry Ruggs III,WR,21,12,2020,1
Jerry Jeudy,WR,21,15,2020,2
CeeDee Lamb,WR,21,17,2020,3
Jalen Reagor,WR,21,21,2020,4
Justin Jefferson,WR,21,22,2020,5
Brandon Aiyuk,WR,22,25,2020,6
Jordan Love,QB,21,26,2020,4
Clyde Edwards-Helaire,RB,21,32,2020,1
Tee Higgins,WR,21,33,2020,7
Michael Pittman Jr.,WR,22,34,2020,8
D'Andre Swift,RB,21,35,2020,2
Jonathan Taylor,RB,21,41,2020,3
Laviska Shenault Jr.,WR,21,42,2020,9
Cole Kmet,TE,21,43,2020,1
KJ Hamler,WR,21,46,2020,10
Chase Claypool,WR,22,49,2020,11
Cam Akers,RB,21,52,2020,4
Jalen Hurts,QB,22,53,2020,5
J.K. Dobbins,RB,21,55,2020,5
Van Jefferson,WR,24,57,2020,12
Denzel Mims,WR,22,59,2020,13
AJ Dillon ,RB,22,62,2020,6
Antonio Gibson ,RB,22,66,2020,7
Ke'Shawn Vaughn,RB,23,76,2020,8
Lynn Bowden Jr.,WR,22,80,2020,14
Bryan Edwards,WR,21,81,2020,15
Zack Moss,RB,22,86,2020,9
Devin Asiasi,TE,23,91,2020,2
Devin Duvernay,WR,22,92,2020,16
Darrynton Evans,RB,22,93,2020,10
Josiah Deguara,TE,23,94,2020,3
Dalton Keene,TE,21,101,2020,4
Adam Trautman,TE,23,105,2020,5
Joshua Kelley,RB,22,112,2020,11
Harrison Bryant,TE,22,115,2020,6
Albert Okwuegbunam,TE,22,118,2020,7
La'Mical Perine,RB,22,120,2020,12
Jacob Eason,QB,22,122,2020,6
Anthony McFarland Jr.,RB,21,124,2020,13
James Morgan,QB,23,125,2020,7
Gabriel Davis,WR,21,128,2020,17
Colby Parkinson,TE,21,133,2020,8
Brycen Hopkins,TE,23,136,2020,9
Antonio Gandy-Golden,WR,22,142,2020,18
DeeJay Dallas,RB,21,144,2020,14
Joe Reed,WR,22,151,2020,19
Tyler Johnson,WR,22,161,2020,20
Collin Johnson,WR,22,165,2020,21
Quintez Cephus,WR,22,166,2020,22
Jake Fromm,QB,22,167,2020,8
John Hightower,WR,24,168,2020,23
Isaiah Coulter,WR,21,171,2020,24
Jason Huntley,RB,22,172,2020,15
Darnell Mooney,WR,22,173,2020,25
K.J. Osborn,WR,23,176,2020,26
Donovan Peoples-Jones,WR,21,187,2020,27
Jake Luton,QB,24,189,2020,9
Charlie Woerner,TE,22,190,2020,10
Quez Watkins,WR,22,200,2020,28
James Proche,WR,23,201,2020,29
Tyler Davis,TE,23,206,2020,11
Isaiah Hodgins,WR,21,207,2020,30
Dezmon Patmon,WR,22,212,2020,31
Freddie Swain,WR,22,214,2020,32
Jauan Jennings,WR,23,217,2020,33
K.J. Hill,WR,22,220,2020,34
Eno Benjamin,RB,21,222,2020,16
Cole McDonald,QB,22,224,2020,10
Ben DiNucci,QB,23,231,2020,11
Tommy Stevens,QB,23,240,2020,12
Nate Stanley,QB,23,244,2020,13
Raymond Calais,RB,22,245,2020,17
Malcolm Perry,RB,23,246,2020,18
Stephen Sullivan,TE,23,251,2020,12
Tyrie Cleveland,WR,22,252,2020,35
Trevor Lawrence,QB,21,1,2021,1
Zach Wilson,QB,22,2,2021,2
Trey Lance,QB,21,3,2021,3
Kyle Pitts,TE,20,4,2021,1
Ja'Marr Chase,WR,21,5,2021,1
Jaylen Waddle,WR,22,6,2021,2
DeVonta Smith,WR,22,10,2021,3
Justin Fields,QB,22,11,2021,4
Mac Jones,QB,23,15,2021,5
Kadarius Toney,WR,22,20,2021,4
Najee Harris,RB,23,24,2021,1
Travis Etienne,RB,22,25,2021,2
Rashod Bateman,WR,21,27,2021,5
Elijah Moore,WR,21,34,2021,6
Javonte Williams,RB,21,35,2021,3
Rondale Moore,WR,21,49,2021,7
Pat Freiermuth,TE,22,55,2021,2
D'Wayne Eskridge,WR,24,56,2021,8
Tutu Atwell,WR,21,57,2021,9
Terrace Marshall Jr.,WR,21,59,2021,10
Kyle Trask,QB,23,64,2021,6
Kellen Mond,QB,22,66,2021,7
Davis Mills,QB,22,67,2021,8
Josh Palmer,WR,22,77,2021,11
Hunter Long,TE,23,81,2021,3
Dyami Brown,WR,21,82,2021,12
Tommy Tremble,TE,21,83,2021,4
Amari Rodgers,WR,21,85,2021,13
Trey Sermon,RB,22,88,2021,4
Nico Collins,WR,22,89,2021,14
Anthony Schwartz,WR,21,91,2021,15
Tre' McKitty,TE,22,97,2021,5
Michael Carter,RB,22,107,2021,5
Dez Fitzpatrick,WR,23,109,2021,16
Amon-Ra St. Brown,WR,21,112,2021,17
Kene Nwangwu,RB,23,119,2021,6
Rhamondre Stevenson,RB,23,120,2021,7
John Bates,TE,23,124,2021,6
Chuba Hubbard,RB,22,126,2021,8
Kylen Granson,TE,23,127,2021,7
Jaelon Darden,WR,22,129,2021,18
Tylan Wallace,WR,22,131,2021,19
Ian Book,QB,23,133,2021,9
Jacob Harris,WR,24,141,2021,20
Luke Farrell,TE,23,145,2021,8
Brevin Jordan,TE,21,147,2021,9
Kenneth Gainwell,RB,22,150,2021,9
Ihmir Smith-Marsette,WR,22,157,2021,21
Noah Gray,TE,22,162,2021,10
Zach Davidson,TE,23,168,2021,11
Simi Fehoko,WR,23,179,2021,22
Cornell Powell,WR,23,181,2021,23
Frank Darby,WR,23,187,2021,24
Elijah Mitchell,RB,23,194,2021,10
Gary Brightwell,RB,22,196,2021,11
Larry Rountree,RB,22,198,2021,12
Chris Evans,RB,23,202,2021,13
Marquez Stevenson,WR,23,203,2021,25
Shi Smith,WR,22,204,2021,26
Racey McMath,WR,22,205,2021,27
Jalen Camp,WR,23,209,2021,28
Demetric Felton,RB,23,211,2021,14
Khalil Herbert,RB,23,217,2021,15
Sam Ehlinger,QB,22,218,2021,10
Seth Williams,WR,21,219,2021,29
Dazz Newsome,WR,22,221,2021,30
Mike Strachan,WR,24,229,2021,31
Jake Funk,RB,23,233,2021,16
Tre Nixon,WR,23,242,2021,32
Gerrid Doaks,RB,23,244,2021,17
Ben Skowronek,WR,24,249,2021,33
Kawaan Baker,WR,23,255,2021,34
Kylin Hill,RB,23,256,2021,18
Jermar Jefferson,RB,21,257,2021,19
Dax Milne,WR,22,258,2021,35
Drake London,WR,21,8,2022,1
Garrett Wilson,WR,22,10,2022,2
Chris Olave,WR,22,11,2022,3
Jameson Williams,WR,21,12,2022,4
Jahan Dotson,WR,22,16,2022,5
Treylon Burks,WR,22,18,2022,6
Kenny Pickett,QB,24,20,2022,1
Christian Watson,WR,23,34,2022,7
Breece Hall,RB,21,36,2022,1
Kenneth Walker III,RB,21,41,2022,2
Wan'Dale Robinson,WR,21,43,2022,8
John Metchie,WR,22,44,2022,9
Tyquan Thornton,WR,22,50,2022,10
George Pickens,WR,21,52,2022,11
Alec Pierce,WR,22,53,2022,12
Skyy Moore,WR,21,54,2022,13
Trey McBride,TE,22,55,2022,1
James Cook,RB,22,63,2022,3
Velus Jones Jr.,WR,25,71,2022,14
Jelani Woods,TE,23,73,2022,2
Desmond Ridder,QB,23,74,2022,2
Greg Dulcich,TE,22,80,2022,3
Malik Willis,QB,23,86,2022,3
Jalen Tolbert,WR,23,88,2022,15
Rachaad White,RB,23,91,2022,4
Tyrion Davis-Price,RB,21,93,2022,5
Matt Corral,QB,23,94,2022,4
Brian Robinson Jr.,RB,23,98,2022,6
David Bell,WR,21,99,2022,16
Jeremy Ruckert,TE,22,101,2022,4
Danny Gray,WR,23,105,2022,17
Cade Otton,TE,23,106,2022,5
Dameon Pierce,RB,22,107,2022,7
Daniel Bellinger,TE,21,112,2022,6
Zamir White,RB,22,122,2022,8
Isaiah Spiller,RB,21,123,2022,9
Erik Ezukanma,WR,22,125,2022,18
Pierre Strong,RB,23,127,2022,10
Charlie Kolar,TE,23,128,2022,7
Jake Ferguson,TE,23,129,2022,8
Hassan Haskins,RB,22,131,2022,11
Romeo Doubs,WR,22,132,2022,19
Bailey Zappe,QB,23,137,2022,5
Calvin Austin,WR,23,138,2022,20
Isaiah Likely,TE,22,139,2022,9
Chigoziem Okonkwo,TE,22,143,2022,10
Sam Howell,QB,21,144,2022,6
Khalil Shakir,WR,22,148,2022,21
Cole Turner,TE,22,149,2022,11
Tyler Allgeier,RB,22,151,2022,12
Snoop Conner,RB,22,154,2022,13
Jerome Ford,RB,22,156,2022,14
Montrell Washington,WR,23,162,2022,22
Kyle Philips,WR,23,163,2022,23
Kyren Williams,RB,22,164,2022,15
Ty Chandler,RB,24,169,2022,16
Teagan Quitoriano,TE,22,170,2022,12
James Mitchell,TE,23,177,2022,13
Kevin Harris,RB,21,183,2022,17
Jalen Nailor,WR,23,191,2022,24
Andrew Ogletree,TE,24,192,2022,14
Tyler Badie,RB,22,196,2022,18
Grant Calcaterra,TE,23,198,2022,15
Keaontay Ingram,RB,22,201,2022,19
Michael Woods II,WR,22,202,2022,25
Trestan Ebner,RB,23,203,2022,20
Connor Heyward,TE,23,208,2022,16
John FitzPatrick,TE,22,213,2022,17
Ko Kieft,TE,24,218,2022,18
Nick Muse,TE,23,227,2022,19
Bo Melton,WR,23,229,2022,26
Dareke Young,WR,23,233,2022,27
Chris Oladokun,QB,25,241,2022,7
Skylar Thompson,QB,25,247,2022,8
Brittain Brown,RB,24,250,2022,21
Isiah Pacheco,RB,22,251,2022,22
Samori Toure,WR,24,258,2022,28
Zander Horvath,RB,23,260,2022,23
Brock Purdy,QB,22,262,2022,9
